"year","state","state_po","state_fips","state_cen","state_ic","office","district","stage","special","candidate","party_detailed","writein","mode","candidatevotes","totalvotes","unofficial","version","party_simplified"
2016,"ALABAMA","AL",1,63,41,"US SENATE","statewide","gen",FALSE,"RON CRUMPTON","DEMOCRAT",FALSE,"total",748709,2087444,FALSE,"20210114","DEMOCRAT"
2016,"ALABAMA","AL",1,63,41,"US SENATE","statewide","gen",FALSE,"RICHARD C. SHELBY","REPUBLICAN",FALSE,"total",1335104,2087444,FALSE,"20210114","REPUBLICAN"
2016,"ALABAMA","AL",1,63,41,"US SENATE","statewide","gen",FALSE,NA,NA,TRUE,"total",3631,2087444,FALSE,"20210114","OTHER"
2016,"ALASKA","AK",2,94,81,"US SENATE","statewide","gen",FALSE,"JOE MILLER","LIBERTARIAN",FALSE,"total",90825,311441,FALSE,"20210114","LIBERTARIAN"
2016,"ALASKA","AK",2,94,81,"US SENATE","statewide","gen",FALSE,"TED GIANOUTSOS","INDEPENDENT",FALSE,"total",1758,311441,FALSE,"20210114","OTHER"
2016,"ALASKA","AK",2,94,81,"US SENATE","statewide","gen",FALSE,"RAY METCALFE","DEMOCRAT",FALSE,"total",36200,311441,FALSE,"20210114","DEMOCRAT"
2016,"ALASKA","AK",2,94,81,"US SENATE","statewide","gen",FALSE,"MARGARET STOCK","INDEPENDENT",FALSE,"total",41194,311441,FALSE,"20210114","OTHER"
2016,"ALASKA","AK",2,94,81,"US SENATE","statewide","gen",FALSE,"BRECK A. CRAIG","INDEPENDENT",FALSE,"total",2609,311441,FALSE,"20210114","OTHER"
2016,"ALASKA","AK",2,94,81,"US SENATE","statewide","gen",FALSE,"LISA MURKOWSKI","REPUBLICAN",FALSE,"total",138149,311441,FALSE,"20210114","REPUBLICAN"
2016,"ALASKA","AK",2,94,81,"US SENATE","statewide","gen",FALSE,NA,NA,TRUE,"total",706,311441,FALSE,"20210114","OTHER"
2016,"ARIZONA","AZ",4,86,61,"US SENATE","statewide","gen",FALSE,"ANTHONY CAMBONI","NONE",TRUE,"total",45,2530730,FALSE,"20210114","OTHER"
2016,"ARIZONA","AZ",4,86,61,"US SENATE","statewide","gen",FALSE,"ANN KIRKPATRICK","DEMOCRAT",FALSE,"total",1031245,2530730,FALSE,"20210114","DEMOCRAT"
2016,"ARIZONA","AZ",4,86,61,"US SENATE","statewide","gen",FALSE,NA,NA,TRUE,"total",4,2530730,FALSE,"20210114","OTHER"
2016,"ARIZONA","AZ",4,86,61,"US SENATE","statewide","gen",FALSE,NA,NA,TRUE,"total",694,2530730,FALSE,"20210114","OTHER"
2016,"ARIZONA","AZ",4,86,61,"US SENATE","statewide","gen",FALSE,"LEONARD CLARK","INDEPENDENT",TRUE,"total",83,2530730,FALSE,"20210114","OTHER"
2016,"ARIZONA","AZ",4,86,61,"US SENATE","statewide","gen",FALSE,"SYDNEY DUDIKOFF","REPUBLICAN",TRUE,"total",494,2530730,FALSE,"20210114","REPUBLICAN"
2016,"ARIZONA","AZ",4,86,61,"US SENATE","statewide","gen",FALSE,NA,NA,TRUE,"total",34,2530730,FALSE,"20210114","OTHER"
2016,"ARIZONA","AZ",4,86,61,"US SENATE","statewide","gen",FALSE,"JOHN MCCAIN","REPUBLICAN",FALSE,"total",1359267,2530730,FALSE,"20210114","REPUBLICAN"
2016,"ARIZONA","AZ",4,86,61,"US SENATE","statewide","gen",FALSE,NA,NA,TRUE,"total",223,2530730,FALSE,"20210114","OTHER"
2016,"ARIZONA","AZ",4,86,61,"US SENATE","statewide","gen",FALSE,NA,NA,TRUE,"total",7,2530730,FALSE,"20210114","OTHER"
2016,"ARIZONA","AZ",4,86,61,"US SENATE","statewide","gen",FALSE,"GARY SWING","GREEN",FALSE,"total",138634,2530730,FALSE,"20210114","OTHER"
2016,"ARKANSAS","AR",5,71,42,"US SENATE","statewide","gen",FALSE,"JOHN BOOZMAN","REPUBLICAN",FALSE,"total",661984,1107522,FALSE,"20210114","REPUBLICAN"
2016,"ARKANSAS","AR",5,71,42,"US SENATE","statewide","gen",FALSE,NA,NA,TRUE,"total",1070,1107522,FALSE,"20210114","OTHER"
2016,"ARKANSAS","AR",5,71,42,"US SENATE","statewide","gen",FALSE,"CONNER ELDRIDGE","DEMOCRAT",FALSE,"total",400602,1107522,FALSE,"20210114","DEMOCRAT"
2016,"ARKANSAS","AR",5,71,42,"US SENATE","statewide","gen",FALSE,"FRANK GILBERT","LIBERTARIAN",FALSE,"total",43866,1107522,FALSE,"20210114","LIBERTARIAN"
2016,"CALIFORNIA","CA",6,93,71,"US SENATE","statewide","gen",FALSE,"LORETTA SANCHEZ","DEMOCRAT",FALSE,"total",4701417,12244170,FALSE,"20210114","DEMOCRAT"
2016,"CALIFORNIA","CA",6,93,71,"US SENATE","statewide","gen",FALSE,"KAMALA D. HARRIS","DEMOCRAT",FALSE,"total",7542753,12244170,FALSE,"20210114","DEMOCRAT"
2016,"COLORADO","CO",8,84,62,"US SENATE","statewide","gen",FALSE,"PAUL NOEL FIORINO","NONE",FALSE,"total",3216,2743023,FALSE,"20210114","OTHER"
2016,"COLORADO","CO",8,84,62,"US SENATE","statewide","gen",FALSE,"DAN CHAPIN","NONE",FALSE,"total",8361,2743023,FALSE,"20210114","OTHER"
2016,"COLORADO","CO",8,84,62,"US SENATE","statewide","gen",FALSE,"MICHAEL F. BENNET","DEMOCRAT",FALSE,"total",1370710,2743023,FALSE,"20210114","DEMOCRAT"
2016,"COLORADO","CO",8,84,62,"US SENATE","statewide","gen",FALSE,"LILY TANG WILLIAMS","LIBERTARIAN",FALSE,"total",99277,2743023,FALSE,"20210114","LIBERTARIAN"
2016,"COLORADO","CO",8,84,62,"US SENATE","statewide","gen",FALSE,"BILL HAMMONS","UNITY PARTY OF COLORADO",FALSE,"total",9336,2743023,FALSE,"20210114","OTHER"
2016,"COLORADO","CO",8,84,62,"US SENATE","statewide","gen",FALSE,"DARRYL GLENN","REPUBLICAN",FALSE,"total",1215318,2743023,FALSE,"20210114","REPUBLICAN"
2016,"COLORADO","CO",8,84,62,"US SENATE","statewide","gen",FALSE,"ARN MENCONI","GREEN",FALSE,"total",36805,2743023,FALSE,"20210114","OTHER"
2016,"CONNECTICUT","CT",9,16,1,"US SENATE","statewide","gen",FALSE,"RICHARD BLUMENTHAL","DEMOCRAT",FALSE,"total",920766,1596276,FALSE,"20210114","DEMOCRAT"
2016,"CONNECTICUT","CT",9,16,1,"US SENATE","statewide","gen",FALSE,"RICHARD BLUMENTHAL","WORKING FAMILIES",FALSE,"total",87948,1596276,FALSE,"20210114","OTHER"
2016,"CONNECTICUT","CT",9,16,1,"US SENATE","statewide","gen",FALSE,NA,NA,TRUE,"total",26,1596276,FALSE,"20210114","OTHER"
2016,"CONNECTICUT","CT",9,16,1,"US SENATE","statewide","gen",FALSE,"DAN CARTER","REPUBLICAN",FALSE,"total",552621,1596276,FALSE,"20210114","REPUBLICAN"
2016,"CONNECTICUT","CT",9,16,1,"US SENATE","statewide","gen",FALSE,NA,NA,TRUE,"total",12,1596276,FALSE,"20210114","OTHER"
2016,"CONNECTICUT","CT",9,16,1,"US SENATE","statewide","gen",FALSE,"RICHARD LION","LIBERTARIAN",FALSE,"total",18190,1596276,FALSE,"20210114","LIBERTARIAN"
2016,"CONNECTICUT","CT",9,16,1,"US SENATE","statewide","gen",FALSE,"JEFFERY RUSSELL","GREEN",FALSE,"total",16713,1596276,FALSE,"20210114","OTHER"
2016,"FLORIDA","FL",12,59,43,"US SENATE","statewide","gen",FALSE,"CHARLES FREDERICK TOLBERT","",TRUE,"total",56,9301820,FALSE,"20210114","OTHER"
2016,"FLORIDA","FL",12,59,43,"US SENATE","statewide","gen",FALSE,"STEVEN MACHAT","NONE",FALSE,"total",26918,9301820,FALSE,"20210114","OTHER"
2016,"FLORIDA","FL",12,59,43,"US SENATE","statewide","gen",FALSE,NA,NA,TRUE,"total",7,9301820,FALSE,"20210114","OTHER"
2016,"FLORIDA","FL",12,59,43,"US SENATE","statewide","gen",FALSE,"PATRICK MURPHY","DEMOCRAT",FALSE,"total",4122088,9301820,FALSE,"20210114","DEMOCRAT"
2016,"FLORIDA","FL",12,59,43,"US SENATE","statewide","gen",FALSE,"PAUL STANTON","LIBERTARIAN",FALSE,"total",196956,9301820,FALSE,"20210114","LIBERTARIAN"
2016,"FLORIDA","FL",12,59,43,"US SENATE","statewide","gen",FALSE,"BASIL E. DALACK","NONE",FALSE,"total",22236,9301820,FALSE,"20210114","OTHER"
2016,"FLORIDA","FL",12,59,43,"US SENATE","statewide","gen",FALSE,NA,NA,TRUE,"total",50,9301820,FALSE,"20210114","OTHER"
2016,"FLORIDA","FL",12,59,43,"US SENATE","statewide","gen",FALSE,NA,NA,TRUE,"total",10,9301820,FALSE,"20210114","OTHER"
2016,"FLORIDA","FL",12,59,43,"US SENATE","statewide","gen",FALSE,NA,NA,TRUE,"total",37,9301820,FALSE,"20210114","OTHER"
2016,"FLORIDA","FL",12,59,43,"US SENATE","statewide","gen",FALSE,"BRUCE NATHAN","NONE",FALSE,"total",52451,9301820,FALSE,"20210114","OTHER"
2016,"FLORIDA","FL",12,59,43,"US SENATE","statewide","gen",FALSE,"MARCO RUBIO","REPUBLICAN",FALSE,"total",4835191,9301820,FALSE,"20210114","REPUBLICAN"
2016,"FLORIDA","FL",12,59,43,"US SENATE","statewide","gen",FALSE,"TONY KHOURY","NONE",FALSE,"total",45820,9301820,FALSE,"20210114","OTHER"
2016,"GEORGIA","GA",13,58,44,"US SENATE","statewide","gen",FALSE,NA,NA,TRUE,"total",813,3898605,FALSE,"20210114","OTHER"
2016,"GEORGIA","GA",13,58,44,"US SENATE","statewide","gen",FALSE,"JIM BARKSDALE","DEMOCRAT",FALSE,"total",1599726,3898605,FALSE,"20210114","DEMOCRAT"
2016,"GEORGIA","GA",13,58,44,"US SENATE","statewide","gen",FALSE,"ALLEN BUCKLEY","LIBERTARIAN",FALSE,"total",162260,3898605,FALSE,"20210114","LIBERTARIAN"
2016,"GEORGIA","GA",13,58,44,"US SENATE","statewide","gen",FALSE,"JOHNNY ISAKSON","REPUBLICAN",FALSE,"total",2135806,3898605,FALSE,"20210114","REPUBLICAN"
2016,"HAWAII","HI",15,95,82,"US SENATE","statewide","gen",FALSE,"BLANK VOTE","",FALSE,"total",20763,437664,FALSE,"20210114","OTHER"
2016,"HAWAII","HI",15,95,82,"US SENATE","statewide","gen",FALSE,"JOHN M. ""RAGHU"" GIUFFRE","AMERICAN SHOPPING PARTY",FALSE,"total",1393,437664,FALSE,"20210114","OTHER"
2016,"HAWAII","HI",15,95,82,"US SENATE","statewide","gen",FALSE,"JOY J. ALLISON","CONSTITUTION",FALSE,"total",9103,437664,FALSE,"20210114","OTHER"
2016,"HAWAII","HI",15,95,82,"US SENATE","statewide","gen",FALSE,"MICHAEL A. KOKOSKI","LIBERTARIAN",FALSE,"total",6809,437664,FALSE,"20210114","LIBERTARIAN"
2016,"HAWAII","HI",15,95,82,"US SENATE","statewide","gen",FALSE,"BRIAN SCHATZ","DEMOCRAT",FALSE,"total",306604,437664,FALSE,"20210114","DEMOCRAT"
2016,"HAWAII","HI",15,95,82,"US SENATE","statewide","gen",FALSE,"OVER VOTE","",FALSE,"total",339,437664,FALSE,"20210114","OTHER"
2016,"HAWAII","HI",15,95,82,"US SENATE","statewide","gen",FALSE,"JOHN CARROLL","REPUBLICAN",FALSE,"total",92653,437664,FALSE,"20210114","REPUBLICAN"
2016,"IDAHO","ID",16,82,63,"US SENATE","statewide","gen",FALSE,"RAY J. WRITZ","CONSTITUTION",FALSE,"total",41677,678943,FALSE,"20210114","OTHER"
2016,"IDAHO","ID",16,82,63,"US SENATE","statewide","gen",FALSE,"MIKE CRAPO","REPUBLICAN",FALSE,"total",449017,678943,FALSE,"20210114","REPUBLICAN"
2016,"IDAHO","ID",16,82,63,"US SENATE","statewide","gen",FALSE,"JERRY STURGILL","DEMOCRAT",FALSE,"total",188249,678943,FALSE,"20210114","DEMOCRAT"
2016,"ILLINOIS","IL",17,33,21,"US SENATE","statewide","gen",FALSE,"SCOTT SUMMERS","GREEN",FALSE,"total",117619,5491878,FALSE,"20210114","OTHER"
2016,"ILLINOIS","IL",17,33,21,"US SENATE","statewide","gen",FALSE,"KENTON MCMILLEN","LIBERTARIAN",FALSE,"total",175988,5491878,FALSE,"20210114","LIBERTARIAN"
2016,"ILLINOIS","IL",17,33,21,"US SENATE","statewide","gen",FALSE,NA,NA,TRUE,"total",42,5491878,FALSE,"20210114","OTHER"
2016,"ILLINOIS","IL",17,33,21,"US SENATE","statewide","gen",FALSE,"MARK KIRK","REPUBLICAN",FALSE,"total",2184692,5491878,FALSE,"20210114","REPUBLICAN"
2016,"ILLINOIS","IL",17,33,21,"US SENATE","statewide","gen",FALSE,"TAMMY DUCKWORTH","DEMOCRAT",FALSE,"total",3012940,5491878,FALSE,"20210114","DEMOCRAT"
2016,"ILLINOIS","IL",17,33,21,"US SENATE","statewide","gen",FALSE,NA,NA,TRUE,"total",77,5491878,FALSE,"20210114","OTHER"
2016,"ILLINOIS","IL",17,33,21,"US SENATE","statewide","gen",FALSE,NA,NA,TRUE,"total",106,5491878,FALSE,"20210114","OTHER"
2016,"ILLINOIS","IL",17,33,21,"US SENATE","statewide","gen",FALSE,NA,NA,TRUE,"total",408,5491878,FALSE,"20210114","OTHER"
2016,"ILLINOIS","IL",17,33,21,"US SENATE","statewide","gen",FALSE,NA,NA,TRUE,"total",5,5491878,FALSE,"20210114","OTHER"
2016,"ILLINOIS","IL",17,33,21,"US SENATE","statewide","gen",FALSE,NA,NA,TRUE,"total",1,5491878,FALSE,"20210114","OTHER"
2016,"INDIANA","IN",18,32,22,"US SENATE","statewide","gen",FALSE,"EVAN BAYH","DEMOCRAT",FALSE,"total",1158947,2732546,FALSE,"20210114","DEMOCRAT"
2016,"INDIANA","IN",18,32,22,"US SENATE","statewide","gen",FALSE,"TODD C. YOUNG","REPUBLICAN",FALSE,"total",1423991,2732546,FALSE,"20210114","REPUBLICAN"
2016,"INDIANA","IN",18,32,22,"US SENATE","statewide","gen",FALSE,"LUCY BRENTON","LIBERTARIAN",FALSE,"total",149481,2732546,FALSE,"20210114","LIBERTARIAN"
2016,"INDIANA","IN",18,32,22,"US SENATE","statewide","gen",FALSE,NA,NA,TRUE,"total",127,2732546,FALSE,"20210114","OTHER"
2016,"IOWA","IA",19,42,31,"US SENATE","statewide","gen",FALSE,"CHUCK GRASSLEY","REPUBLICAN",FALSE,"total",926007,1541036,FALSE,"20210114","REPUBLICAN"
2016,"IOWA","IA",19,42,31,"US SENATE","statewide","gen",FALSE,"PATTY JUDGE","DEMOCRAT",FALSE,"total",549460,1541036,FALSE,"20210114","DEMOCRAT"
2016,"IOWA","IA",19,42,31,"US SENATE","statewide","gen",FALSE,"MICHAEL LUICK-THRAMS","NOMINATED BY PETITION",FALSE,"total",4441,1541036,FALSE,"20210114","OTHER"
2016,"IOWA","IA",19,42,31,"US SENATE","statewide","gen",FALSE,NA,NA,TRUE,"total",1685,1541036,FALSE,"20210114","OTHER"
2016,"IOWA","IA",19,42,31,"US SENATE","statewide","gen",FALSE,"CHARLES ALDRICH","LIBERTARIAN",FALSE,"total",41794,1541036,FALSE,"20210114","LIBERTARIAN"
2016,"IOWA","IA",19,42,31,"US SENATE","statewide","gen",FALSE,"JIM HENNAGER","NEW INDEPENDENT PARTY IOWA",FALSE,"total",17649,1541036,FALSE,"20210114","OTHER"
2016,"KANSAS","KS",20,47,32,"US SENATE","statewide","gen",FALSE,"PATRICK WIESNER","DEMOCRAT",FALSE,"total",379740,1177922,FALSE,"20210114","DEMOCRAT"
2016,"KANSAS","KS",20,47,32,"US SENATE","statewide","gen",FALSE,NA,NA,TRUE,"total",46,1177922,FALSE,"20210114","OTHER"
2016,"KANSAS","KS",20,47,32,"US SENATE","statewide","gen",FALSE,"ROBERT D. GARRARD","LIBERTARIAN",FALSE,"total",65760,1177922,FALSE,"20210114","LIBERTARIAN"
2016,"KANSAS","KS",20,47,32,"US SENATE","statewide","gen",FALSE,"JERRY MORAN","REPUBLICAN",FALSE,"total",732376,1177922,FALSE,"20210114","REPUBLICAN"
2016,"KENTUCKY","KY",21,61,51,"US SENATE","statewide","gen",FALSE,"RAND PAUL","REPUBLICAN",FALSE,"total",1090177,1903465,FALSE,"20210114","REPUBLICAN"
2016,"KENTUCKY","KY",21,61,51,"US SENATE","statewide","gen",FALSE,NA,NA,TRUE,"total",6,1903465,FALSE,"20210114","OTHER"
2016,"KENTUCKY","KY",21,61,51,"US SENATE","statewide","gen",FALSE,"JIM GRAY","DEMOCRAT",FALSE,"total",813246,1903465,FALSE,"20210114","DEMOCRAT"
2016,"KENTUCKY","KY",21,61,51,"US SENATE","statewide","gen",FALSE,NA,NA,TRUE,"total",36,1903465,FALSE,"20210114","OTHER"
2016,"LOUISIANA","LA",22,72,45,"US SENATE","statewide","gen",FALSE,"CHARLES W. BOUSTANY, JR.","REPUBLICAN",FALSE,"total",298008,1997218,FALSE,"20210114","REPUBLICAN"
2016,"LOUISIANA","LA",22,72,45,"US SENATE","statewide","gen",FALSE,"DERRICK EDWARDS","DEMOCRAT",FALSE,"total",51774,1997218,FALSE,"20210114","DEMOCRAT"
2016,"LOUISIANA","LA",22,72,45,"US SENATE","statewide","gen",FALSE,"M. V. ""VINNY""MENDOZA","DEMOCRAT",FALSE,"total",4927,1997218,FALSE,"20210114","DEMOCRAT"
2016,"LOUISIANA","LA",22,72,45,"US SENATE","statewide","gen",FALSE,"JOHN FLEMING","REPUBLICAN",FALSE,"total",204026,1997218,FALSE,"20210114","REPUBLICAN"
2016,"LOUISIANA","LA",22,72,45,"US SENATE","statewide","gen",FALSE,"CAROLINE FAYARD","DEMOCRAT",FALSE,"total",240917,1997218,FALSE,"20210114","DEMOCRAT"
2016,"LOUISIANA","LA",22,72,45,"US SENATE","statewide","gen",FALSE,"PETER WILLIAMS","DEMOCRAT",FALSE,"total",6855,1997218,FALSE,"20210114","DEMOCRAT"
2016,"LOUISIANA","LA",22,72,45,"US SENATE","statewide","gen",FALSE,"LEROY GILLAM","LIBERTARIAN",FALSE,"total",4067,1997218,FALSE,"20210114","LIBERTARIAN"
2016,"LOUISIANA","LA",22,72,45,"US SENATE","statewide","gen",FALSE,"""ROB"" MANESS","REPUBLICAN",FALSE,"total",90856,1997218,FALSE,"20210114","REPUBLICAN"
2016,"LOUISIANA","LA",22,72,45,"US SENATE","statewide","gen",FALSE,"KAITLIN MARONE","NONE",FALSE,"total",4108,1997218,FALSE,"20210114","OTHER"
2016,"LOUISIANA","LA",22,72,45,"US SENATE","statewide","gen",FALSE,"JOSHUA PELLERIN","DEMOCRAT",FALSE,"total",7395,1997218,FALSE,"20210114","DEMOCRAT"
2016,"LOUISIANA","LA",22,72,45,"US SENATE","statewide","gen",FALSE,"WILLIAM ROBERT LANG, JR.","OTHER",FALSE,"total",1424,1997218,FALSE,"20210114","OTHER"
2016,"LOUISIANA","LA",22,72,45,"US SENATE","statewide","gen",FALSE,"BERYL BILLIOT","NONE",FALSE,"total",19352,1997218,FALSE,"20210114","OTHER"
2016,"LOUISIANA","LA",22,72,45,"US SENATE","statewide","gen",FALSE,"ARDEN WELLS","NONE",FALSE,"total",1483,1997218,FALSE,"20210114","OTHER"
2016,"LOUISIANA","LA",22,72,45,"US SENATE","statewide","gen",FALSE,"TROY HEBERT","NONE",FALSE,"total",9503,1997218,FALSE,"20210114","OTHER"
2016,"LOUISIANA","LA",22,72,45,"US SENATE","statewide","gen",FALSE,"JOHN KENNEDY","REPUBLICAN",FALSE,"total",536191,1997218,FALSE,"20210114","REPUBLICAN"
2016,"LOUISIANA","LA",22,72,45,"US SENATE","statewide","gen",FALSE,"GREGORY TAYLOR, JR.","OTHER",FALSE,"total",1151,1997218,FALSE,"20210114","OTHER"
2016,"LOUISIANA","LA",22,72,45,"US SENATE","statewide","gen",FALSE,"THOMAS P. CLEMENTS","LIBERTARIAN",FALSE,"total",11370,1997218,FALSE,"20210114","LIBERTARIAN"
2016,"LOUISIANA","LA",22,72,45,"US SENATE","statewide","gen",FALSE,"GARY LANDRIEU","DEMOCRAT",FALSE,"total",45587,1997218,FALSE,"20210114","DEMOCRAT"
2016,"LOUISIANA","LA",22,72,45,"US SENATE","statewide","gen",FALSE,"FOSTER CAMPBELL","DEMOCRAT",FALSE,"total",347816,1997218,FALSE,"20210114","DEMOCRAT"
2016,"LOUISIANA","LA",22,72,45,"US SENATE","statewide","gen",FALSE,"ABHAY PATEL","REPUBLICAN",FALSE,"total",1576,1997218,FALSE,"20210114","REPUBLICAN"
2016,"LOUISIANA","LA",22,72,45,"US SENATE","statewide","gen",FALSE,"""JOSEPH"" CAO","REPUBLICAN",FALSE,"total",21019,1997218,FALSE,"20210114","REPUBLICAN"
2016,"LOUISIANA","LA",22,72,45,"US SENATE","statewide","gen",FALSE,"DAVID DUKE","REPUBLICAN",FALSE,"total",58606,1997218,FALSE,"20210114","REPUBLICAN"
2016,"LOUISIANA","LA",22,72,45,"US SENATE","statewide","gen",FALSE,"DONALD ""CRAWDADDY"" CRAWFORD","REPUBLICAN",FALSE,"total",25523,1997218,FALSE,"20210114","REPUBLICAN"
2016,"LOUISIANA","LA",22,72,45,"US SENATE","statewide","gen",FALSE,"CHARLES MARSALA","REPUBLICAN",FALSE,"total",3684,1997218,FALSE,"20210114","REPUBLICAN"
2016,"MARYLAND","MD",24,52,52,"US SENATE","statewide","gen",FALSE,"CHRIS VAN HOLLEN","DEMOCRAT",FALSE,"total",1659907,2726170,FALSE,"20210114","DEMOCRAT"
2016,"MARYLAND","MD",24,52,52,"US SENATE","statewide","gen",FALSE,"MARGARET FLOWERS","GREEN",FALSE,"total",89970,2726170,FALSE,"20210114","OTHER"
2016,"MARYLAND","MD",24,52,52,"US SENATE","statewide","gen",FALSE,NA,NA,TRUE,"total",77,2726170,FALSE,"20210114","OTHER"
2016,"MARYLAND","MD",24,52,52,"US SENATE","statewide","gen",FALSE,NA,NA,TRUE,"total",7,2726170,FALSE,"20210114","OTHER"
2016,"MARYLAND","MD",24,52,52,"US SENATE","statewide","gen",FALSE,NA,NA,TRUE,"total",242,2726170,FALSE,"20210114","OTHER"
2016,"MARYLAND","MD",24,52,52,"US SENATE","statewide","gen",FALSE,NA,NA,TRUE,"total",138,2726170,FALSE,"20210114","OTHER"
2016,"MARYLAND","MD",24,52,52,"US SENATE","statewide","gen",FALSE,NA,NA,TRUE,"total",15,2726170,FALSE,"20210114","OTHER"
2016,"MARYLAND","MD",24,52,52,"US SENATE","statewide","gen",FALSE,NA,NA,TRUE,"total",26,2726170,FALSE,"20210114","OTHER"
2016,"MARYLAND","MD",24,52,52,"US SENATE","statewide","gen",FALSE,NA,NA,TRUE,"total",3231,2726170,FALSE,"20210114","OTHER"
2016,"MARYLAND","MD",24,52,52,"US SENATE","statewide","gen",FALSE,"KATHY SZELIGA","REPUBLICAN",FALSE,"total",972557,2726170,FALSE,"20210114","REPUBLICAN"
2016,"MISSOURI","MO",29,43,34,"US SENATE","statewide","gen",FALSE,NA,NA,TRUE,"total",4,2802637,FALSE,"20210114","OTHER"
2016,"MISSOURI","MO",29,43,34,"US SENATE","statewide","gen",FALSE,NA,NA,TRUE,"total",53,2802637,FALSE,"20210114","OTHER"
2016,"MISSOURI","MO",29,43,34,"US SENATE","statewide","gen",FALSE,NA,NA,TRUE,"total",12,2802637,FALSE,"20210114","OTHER"
2016,"MISSOURI","MO",29,43,34,"US SENATE","statewide","gen",FALSE,"ROY BLUNT","REPUBLICAN",FALSE,"total",1378458,2802637,FALSE,"20210114","REPUBLICAN"
2016,"MISSOURI","MO",29,43,34,"US SENATE","statewide","gen",FALSE,"JOHNATHAN MCFARLAND","GREEN",FALSE,"total",30743,2802637,FALSE,"20210114","OTHER"
2016,"MISSOURI","MO",29,43,34,"US SENATE","statewide","gen",FALSE,"STEVEN WALLACE","",TRUE,"total",1,2802637,FALSE,"20210114","OTHER"
2016,"MISSOURI","MO",29,43,34,"US SENATE","statewide","gen",FALSE,"FRED RYMAN","CONSTITUTION",FALSE,"total",25407,2802637,FALSE,"20210114","OTHER"
2016,"MISSOURI","MO",29,43,34,"US SENATE","statewide","gen",FALSE,"JASON KANDER","DEMOCRAT",FALSE,"total",1300200,2802637,FALSE,"20210114","DEMOCRAT"
2016,"MISSOURI","MO",29,43,34,"US SENATE","statewide","gen",FALSE,NA,NA,TRUE,"total",21,2802637,FALSE,"20210114","OTHER"
2016,"MISSOURI","MO",29,43,34,"US SENATE","statewide","gen",FALSE,"JONATHAN DINE","LIBERTARIAN",FALSE,"total",67738,2802637,FALSE,"20210114","LIBERTARIAN"
2016,"NEVADA","NV",32,88,65,"US SENATE","statewide","gen",FALSE,"JOSEPH J. HECK","REPUBLICAN",FALSE,"total",495079,1108294,FALSE,"20210114","REPUBLICAN"
2016,"NEVADA","NV",32,88,65,"US SENATE","statewide","gen",FALSE,"THOMAS ""TOM"" SAWYER","NONE",FALSE,"total",14208,1108294,FALSE,"20210114","OTHER"
2016,"NEVADA","NV",32,88,65,"US SENATE","statewide","gen",FALSE,"CATHERINE CORTEZ MASTO","DEMOCRAT",FALSE,"total",521994,1108294,FALSE,"20210114","DEMOCRAT"
2016,"NEVADA","NV",32,88,65,"US SENATE","statewide","gen",FALSE,"TONY GUMINA","NONE",FALSE,"total",10740,1108294,FALSE,"20210114","OTHER"
2016,"NEVADA","NV",32,88,65,"US SENATE","statewide","gen",FALSE,"TOM JONES","INDEPENDENT AMERICAN",FALSE,"total",17128,1108294,FALSE,"20210114","OTHER"
2016,"NEVADA","NV",32,88,65,"US SENATE","statewide","gen",FALSE,"NONE OF THE ABOVE","",FALSE,"total",42257,1108294,FALSE,"20210114","OTHER"
2016,"NEVADA","NV",32,88,65,"US SENATE","statewide","gen",FALSE,"JARROD M. WILLIAMS","NONE",FALSE,"total",6888,1108294,FALSE,"20210114","OTHER"
2016,"NEW HAMPSHIRE","NH",33,12,4,"US SENATE","statewide","gen",FALSE,"KELLY AYOTTE","REPUBLICAN",FALSE,"total",353632,739140,FALSE,"20210114","REPUBLICAN"
2016,"NEW HAMPSHIRE","NH",33,12,4,"US SENATE","statewide","gen",FALSE,"MAGGIE HASSAN","DEMOCRAT",FALSE,"total",354649,739140,FALSE,"20210114","DEMOCRAT"
2016,"NEW HAMPSHIRE","NH",33,12,4,"US SENATE","statewide","gen",FALSE,"SCATTER","",FALSE,"total",520,739140,FALSE,"20210114","OTHER"
2016,"NEW HAMPSHIRE","NH",33,12,4,"US SENATE","statewide","gen",FALSE,"BRIAN CHABOT","LIBERTARIAN",FALSE,"total",12597,739140,FALSE,"20210114","LIBERTARIAN"
2016,"NEW HAMPSHIRE","NH",33,12,4,"US SENATE","statewide","gen",FALSE,"AARON DAY","INDEPENDENT",FALSE,"total",17742,739140,FALSE,"20210114","OTHER"
2016,"NEW YORK","NY",36,21,13,"US SENATE","statewide","gen",FALSE,"ALEX MERCED","LIBERTARIAN",FALSE,"total",48121,7800725,FALSE,"20210114","LIBERTARIAN"
2016,"NEW YORK","NY",36,21,13,"US SENATE","statewide","gen",FALSE,"CHARLES E. SCHUMER","WORKING FAMILIES",FALSE,"total",241672,7800725,FALSE,"20210114","OTHER"
2016,"NEW YORK","NY",36,21,13,"US SENATE","statewide","gen",FALSE,"WENDY LONG","REPUBLICAN",FALSE,"total",1723927,7800725,FALSE,"20210114","REPUBLICAN"
2016,"NEW YORK","NY",36,21,13,"US SENATE","statewide","gen",FALSE,"BLANK VOTE","",FALSE,"total",400943,7800725,FALSE,"20210114","OTHER"
2016,"NEW YORK","NY",36,21,13,"US SENATE","statewide","gen",FALSE,"VOID VOTE","",FALSE,"total",3474,7800725,FALSE,"20210114","OTHER"
2016,"NEW YORK","NY",36,21,13,"US SENATE","statewide","gen",FALSE,"WENDY LONG","REFORM",FALSE,"total",17813,7800725,FALSE,"20210114","OTHER"
2016,"NEW YORK","NY",36,21,13,"US SENATE","statewide","gen",FALSE,"CHARLES E. SCHUMER","WOMEN'S EQUALITY",FALSE,"total",45402,7800725,FALSE,"20210114","OTHER"
2016,"NEW YORK","NY",36,21,13,"US SENATE","statewide","gen",FALSE,"SCATTER","",FALSE,"total",3472,7800725,FALSE,"20210114","OTHER"
2016,"NEW YORK","NY",36,21,13,"US SENATE","statewide","gen",FALSE,"CHARLES E. SCHUMER","DEMOCRAT",FALSE,"total",4784220,7800725,FALSE,"20210114","DEMOCRAT"
2016,"NEW YORK","NY",36,21,13,"US SENATE","statewide","gen",FALSE,"WENDY LONG","CONSERVATIVE",FALSE,"total",267613,7800725,FALSE,"20210114","OTHER"
2016,"NEW YORK","NY",36,21,13,"US SENATE","statewide","gen",FALSE,"ROBIN LAVERNE WILSON","GREEN",FALSE,"total",113413,7800725,FALSE,"20210114","OTHER"
2016,"NEW YORK","NY",36,21,13,"US SENATE","statewide","gen",FALSE,"CHARLES E. SCHUMER","INDEPENDENCE",FALSE,"total",150655,7800725,FALSE,"20210114","OTHER"
2016,"NORTH CAROLINA","NC",37,56,47,"US SENATE","statewide","gen",FALSE,"DEBORAH K. ROSS","DEMOCRAT",FALSE,"total",2128165,4691133,FALSE,"20210114","DEMOCRAT"
2016,"NORTH CAROLINA","NC",37,56,47,"US SENATE","statewide","gen",FALSE,"RICHARD BURR","REPUBLICAN",FALSE,"total",2395376,4691133,FALSE,"20210114","REPUBLICAN"
2016,"NORTH CAROLINA","NC",37,56,47,"US SENATE","statewide","gen",FALSE,"SEAN HAUGH","LIBERTARIAN",FALSE,"total",167592,4691133,FALSE,"20210114","LIBERTARIAN"
2016,"NORTH DAKOTA","ND",38,44,36,"US SENATE","statewide","gen",FALSE,NA,NA,TRUE,"total",366,342501,FALSE,"20210114","OTHER"
2016,"NORTH DAKOTA","ND",38,44,36,"US SENATE","statewide","gen",FALSE,"JAMES GERMALIC","INDEPENDENT",FALSE,"total",4675,342501,FALSE,"20210114","OTHER"
2016,"NORTH DAKOTA","ND",38,44,36,"US SENATE","statewide","gen",FALSE,"JOHN HOEVEN","REPUBLICAN",FALSE,"total",268788,342501,FALSE,"20210114","REPUBLICAN"
2016,"NORTH DAKOTA","ND",38,44,36,"US SENATE","statewide","gen",FALSE,"ELIOT GLASSHEIM","DEMOCRAT",FALSE,"total",58116,342501,FALSE,"20210114","DEMOCRAT"
2016,"NORTH DAKOTA","ND",38,44,36,"US SENATE","statewide","gen",FALSE,"ROBERT N. MARQUETTE","LIBERTARIAN",FALSE,"total",10556,342501,FALSE,"20210114","LIBERTARIAN"
2016,"OHIO","OH",39,31,24,"US SENATE","statewide","gen",FALSE,NA,NA,TRUE,"total",111,5374164,FALSE,"20210114","OTHER"
2016,"OHIO","OH",39,31,24,"US SENATE","statewide","gen",FALSE,"SCOTT RUPERT","NONE",FALSE,"total",77291,5374164,FALSE,"20210114","OTHER"
2016,"OHIO","OH",39,31,24,"US SENATE","statewide","gen",FALSE,"TED STRICKLAND","DEMOCRAT",FALSE,"total",1996908,5374164,FALSE,"20210114","DEMOCRAT"
2016,"OHIO","OH",39,31,24,"US SENATE","statewide","gen",FALSE,"JOSEPH R. DEMARE","GREEN",FALSE,"total",88246,5374164,FALSE,"20210114","OTHER"
2016,"OHIO","OH",39,31,24,"US SENATE","statewide","gen",FALSE,"TOM CONNORS","NONE",FALSE,"total",93041,5374164,FALSE,"20210114","OTHER"
2016,"OHIO","OH",39,31,24,"US SENATE","statewide","gen",FALSE,"ROB PORTMAN","REPUBLICAN",FALSE,"total",3118567,5374164,FALSE,"20210114","REPUBLICAN"
2016,"OKLAHOMA","OK",40,73,53,"US SENATE","statewide","gen",FALSE,"MIKE WORKMAN","DEMOCRAT",FALSE,"total",355911,1448047,FALSE,"20210114","DEMOCRAT"
2016,"OKLAHOMA","OK",40,73,53,"US SENATE","statewide","gen",FALSE,"JAMES LANKFORD","REPUBLICAN",FALSE,"total",980892,1448047,FALSE,"20210114","REPUBLICAN"
2016,"OKLAHOMA","OK",40,73,53,"US SENATE","statewide","gen",FALSE,"SEAN BRADDY","INDEPENDENT",FALSE,"total",40405,1448047,FALSE,"20210114","OTHER"
2016,"OKLAHOMA","OK",40,73,53,"US SENATE","statewide","gen",FALSE,"ROBERT T. MURPHY","LIBERTARIAN",FALSE,"total",43421,1448047,FALSE,"20210114","LIBERTARIAN"
2016,"OKLAHOMA","OK",40,73,53,"US SENATE","statewide","gen",FALSE,"MARK T. BEARD","INDEPENDENT",FALSE,"total",27418,1448047,FALSE,"20210114","OTHER"
2016,"OREGON","OR",41,92,72,"US SENATE","statewide","gen",FALSE,"ERIC NAVICKAS","PACIFIC GREEN",FALSE,"total",48823,1952478,FALSE,"20210114","OTHER"
2016,"OREGON","OR",41,92,72,"US SENATE","statewide","gen",FALSE,"OTHER","",FALSE,"total",2058,1952478,FALSE,"20210114","OTHER"
2016,"OREGON","OR",41,92,72,"US SENATE","statewide","gen",FALSE,"RON WYDEN","DEMOCRAT",FALSE,"total",1105119,1952478,FALSE,"20210114","DEMOCRAT"
2016,"OREGON","OR",41,92,72,"US SENATE","statewide","gen",FALSE,"SHANTI S. LEWALLEN","WORKING FAMILIES",FALSE,"total",61915,1952478,FALSE,"20210114","OTHER"
2016,"OREGON","OR",41,92,72,"US SENATE","statewide","gen",FALSE,"STEVEN C. REYNOLDS","INDEPENDENT",FALSE,"total",59516,1952478,FALSE,"20210114","OTHER"
2016,"OREGON","OR",41,92,72,"US SENATE","statewide","gen",FALSE,"MARK CALLAHAN","REPUBLICAN",FALSE,"total",651106,1952478,FALSE,"20210114","REPUBLICAN"
2016,"OREGON","OR",41,92,72,"US SENATE","statewide","gen",FALSE,"JIM LINDSAY","LIBERTARIAN",FALSE,"total",23941,1952478,FALSE,"20210114","LIBERTARIAN"
2016,"PENNSYLVANIA","PA",42,23,14,"US SENATE","statewide","gen",FALSE,"KATIE MCGINTY","DEMOCRAT",FALSE,"total",2865012,6051856,FALSE,"20210114","DEMOCRAT"
2016,"PENNSYLVANIA","PA",42,23,14,"US SENATE","statewide","gen",FALSE,"EDWARD T. CLIFFORD III","LIBERTARIAN",FALSE,"total",235142,6051856,FALSE,"20210114","LIBERTARIAN"
2016,"PENNSYLVANIA","PA",42,23,14,"US SENATE","statewide","gen",FALSE,"PATRICK J. TOOMEY","REPUBLICAN",FALSE,"total",2951702,6051856,FALSE,"20210114","REPUBLICAN"
2016,"SOUTH CAROLINA","SC",45,57,48,"US SENATE","statewide","gen",FALSE,"THOMAS DIXON","DEMOCRAT",FALSE,"total",704540,2049893,FALSE,"20210114","DEMOCRAT"
2016,"SOUTH CAROLINA","SC",45,57,48,"US SENATE","statewide","gen",FALSE,"BILL BLEDSOE","LIBERTARIAN",FALSE,"total",24830,2049893,FALSE,"20210114","LIBERTARIAN"
2016,"SOUTH CAROLINA","SC",45,57,48,"US SENATE","statewide","gen",FALSE,"THOMAS DIXON","WORKING FAMILIES",FALSE,"total",37610,2049893,FALSE,"20210114","OTHER"
2016,"SOUTH CAROLINA","SC",45,57,48,"US SENATE","statewide","gen",FALSE,"BILL BLEDSOE","CONSTITUTION",FALSE,"total",12652,2049893,FALSE,"20210114","OTHER"
2016,"SOUTH CAROLINA","SC",45,57,48,"US SENATE","statewide","gen",FALSE,"TIM SCOTT","REPUBLICAN",FALSE,"total",1241609,2049893,FALSE,"20210114","REPUBLICAN"
2016,"SOUTH CAROLINA","SC",45,57,48,"US SENATE","statewide","gen",FALSE,NA,NA,TRUE,"total",1857,2049893,FALSE,"20210114","OTHER"
2016,"SOUTH CAROLINA","SC",45,57,48,"US SENATE","statewide","gen",FALSE,"REBEL MICHAEL SCARBOROUGH","AMERICAN",FALSE,"total",11923,2049893,FALSE,"20210114","OTHER"
2016,"SOUTH CAROLINA","SC",45,57,48,"US SENATE","statewide","gen",FALSE,"THOMAS DIXON","GREEN",FALSE,"total",14872,2049893,FALSE,"20210114","OTHER"
2016,"SOUTH DAKOTA","SD",46,45,37,"US SENATE","statewide","gen",FALSE,"JOHN R. THUNE","REPUBLICAN",FALSE,"total",265516,369656,FALSE,"20210114","REPUBLICAN"
2016,"SOUTH DAKOTA","SD",46,45,37,"US SENATE","statewide","gen",FALSE,"JAY WILLIAMS","DEMOCRAT",FALSE,"total",104140,369656,FALSE,"20210114","DEMOCRAT"
2016,"UTAH","UT",49,87,67,"US SENATE","statewide","gen",FALSE,"MIKE LEE","REPUBLICAN",FALSE,"total",760220,1115583,FALSE,"20210114","REPUBLICAN"
2016,"UTAH","UT",49,87,67,"US SENATE","statewide","gen",FALSE,"BILL BARRON","NONE",FALSE,"total",26166,1115583,FALSE,"20210114","OTHER"
2016,"UTAH","UT",49,87,67,"US SENATE","statewide","gen",FALSE,"STONEY FONUA","INDEPENDENT AMERICAN",FALSE,"total",27339,1115583,FALSE,"20210114","OTHER"
2016,"UTAH","UT",49,87,67,"US SENATE","statewide","gen",FALSE,"MISTY K. SNOW","DEMOCRAT",FALSE,"total",301858,1115583,FALSE,"20210114","DEMOCRAT"
2016,"VERMONT","VT",50,13,6,"US SENATE","statewide","gen",FALSE,"VOID VOTE","",FALSE,"total",466,320467,FALSE,"20210114","OTHER"
2016,"VERMONT","VT",50,13,6,"US SENATE","statewide","gen",FALSE,"SCOTT MILNE","REPUBLICAN",FALSE,"total",103637,320467,FALSE,"20210114","REPUBLICAN"
2016,"VERMONT","VT",50,13,6,"US SENATE","statewide","gen",FALSE,"CRIS ERICSON","UNITED STATES MARIJUANA",FALSE,"total",9156,320467,FALSE,"20210114","OTHER"
2016,"VERMONT","VT",50,13,6,"US SENATE","statewide","gen",FALSE,"JERRY TRUDELL","INDEPENDENT",FALSE,"total",5223,320467,FALSE,"20210114","OTHER"
2016,"VERMONT","VT",50,13,6,"US SENATE","statewide","gen",FALSE,"PETE DIAMONDSTONE","LIBERTY UNION",FALSE,"total",3241,320467,FALSE,"20210114","OTHER"
2016,"VERMONT","VT",50,13,6,"US SENATE","statewide","gen",FALSE,"BLANK VOTE","",FALSE,"total",6192,320467,FALSE,"20210114","OTHER"
2016,"VERMONT","VT",50,13,6,"US SENATE","statewide","gen",FALSE,NA,NA,TRUE,"total",309,320467,FALSE,"20210114","OTHER"
2016,"VERMONT","VT",50,13,6,"US SENATE","statewide","gen",FALSE,"PATRICK J. LEAHY","DEMOCRAT",FALSE,"total",192243,320467,FALSE,"20210114","DEMOCRAT"
2016,"WASHINGTON","WA",53,91,73,"US SENATE","statewide","gen",FALSE,"CHRIS VANCE","REPUBLICAN",FALSE,"total",1329338,3243317,FALSE,"20210114","REPUBLICAN"
2016,"WASHINGTON","WA",53,91,73,"US SENATE","statewide","gen",FALSE,"PATTY MURRAY","DEMOCRAT",FALSE,"total",1913979,3243317,FALSE,"20210114","DEMOCRAT"
2016,"WISCONSIN","WI",55,35,25,"US SENATE","statewide","gen",FALSE,"RUSS FEINGOLD","DEMOCRAT",FALSE,"total",1380335,2948741,FALSE,"20210114","DEMOCRAT"
2016,"WISCONSIN","WI",55,35,25,"US SENATE","statewide","gen",FALSE,"PHILIP N. ANDERSON","LIBERTARIAN",FALSE,"total",87531,2948741,FALSE,"20210114","LIBERTARIAN"
2016,"WISCONSIN","WI",55,35,25,"US SENATE","statewide","gen",FALSE,NA,NA,TRUE,"total",8,2948741,FALSE,"20210114","OTHER"
2016,"WISCONSIN","WI",55,35,25,"US SENATE","statewide","gen",FALSE,"RON JOHNSON","REPUBLICAN",FALSE,"total",1479471,2948741,FALSE,"20210114","REPUBLICAN"
2016,"WISCONSIN","WI",55,35,25,"US SENATE","statewide","gen",FALSE,"SCATTER","",FALSE,"total",1396,2948741,FALSE,"20210114","OTHER"
2018,"ARIZONA","AZ",4,86,61,"US SENATE","statewide","gen",FALSE,"MARTHA MCSALLY","REPUBLICAN",FALSE,"total",1135200,2384308,FALSE,"20210114","REPUBLICAN"
2018,"ARIZONA","AZ",4,86,61,"US SENATE","statewide","gen",FALSE,"KYRSTEN SINEMA","DEMOCRAT",FALSE,"total",1191100,2384308,FALSE,"20210114","DEMOCRAT"
2018,"ARIZONA","AZ",4,86,61,"US SENATE","statewide","gen",FALSE,"ANGELA GREEN","GREEN",FALSE,"total",57442,2384308,FALSE,"20210114","OTHER"
2018,"ARIZONA","AZ",4,86,61,"US SENATE","statewide","gen",FALSE,NA,NA,TRUE,"total",566,2384308,FALSE,"20210114","OTHER"
2018,"CALIFORNIA","CA",6,93,71,"US SENATE","statewide","gen",FALSE,"DIANNE FEINSTEIN","DEMOCRAT",FALSE,"total",6019422,11113364,FALSE,"20210114","DEMOCRAT"
2018,"CALIFORNIA","CA",6,93,71,"US SENATE","statewide","gen",FALSE,"KEVIN DE LEON","DEMOCRAT",FALSE,"total",5093942,11113364,FALSE,"20210114","DEMOCRAT"
2018,"CONNECTICUT","CT",9,16,1,"US SENATE","statewide","gen",FALSE,"CHRISTOPHER S MURPHY","DEMOCRAT",FALSE,"total",787685,1386840,FALSE,"20210114","DEMOCRAT"
2018,"CONNECTICUT","CT",9,16,1,"US SENATE","statewide","gen",FALSE,"MATTHEW COREY","REPUBLICAN",FALSE,"total",545717,1386840,FALSE,"20210114","REPUBLICAN"
2018,"CONNECTICUT","CT",9,16,1,"US SENATE","statewide","gen",FALSE,"CHRISTOPHER S MURPHY","WORKING FAMILIES",FALSE,"total",37894,1386840,FALSE,"20210114","OTHER"
2018,"CONNECTICUT","CT",9,16,1,"US SENATE","statewide","gen",FALSE,"RICHARD LION","LIBERTARIAN",FALSE,"total",8838,1386840,FALSE,"20210114","LIBERTARIAN"
2018,"CONNECTICUT","CT",9,16,1,"US SENATE","statewide","gen",FALSE,"JEFF RUSSELL","GREEN",FALSE,"total",6618,1386840,FALSE,"20210114","OTHER"
2018,"CONNECTICUT","CT",9,16,1,"US SENATE","statewide","gen",FALSE,NA,NA,TRUE,"total",88,1386840,FALSE,"20210114","OTHER"
2018,"DELAWARE","DE",10,51,11,"US SENATE","statewide","gen",FALSE,"THOMAS R CARPER","DEMOCRAT",FALSE,"total",217385,362592,FALSE,"20210114","DEMOCRAT"
2018,"DELAWARE","DE",10,51,11,"US SENATE","statewide","gen",FALSE,"ROBERT B ARLETT","REPUBLICAN",FALSE,"total",137127,362592,FALSE,"20210114","REPUBLICAN"
2018,"DELAWARE","DE",10,51,11,"US SENATE","statewide","gen",FALSE,"DEMITRI G THEODOROPOULOS","GREEN",FALSE,"total",4170,362592,FALSE,"20210114","OTHER"
2018,"DELAWARE","DE",10,51,11,"US SENATE","statewide","gen",FALSE,"NADINE M FROST","LIBERTARIAN",FALSE,"total",3910,362592,FALSE,"20210114","LIBERTARIAN"
2018,"FLORIDA","FL",12,59,43,"US SENATE","statewide","gen",FALSE,"RICK SCOTT","REPUBLICAN",FALSE,"total",4099505,8190005,FALSE,"20210114","REPUBLICAN"
2018,"FLORIDA","FL",12,59,43,"US SENATE","statewide","gen",FALSE,"BILL NELSON","DEMOCRAT",FALSE,"total",4089472,8190005,FALSE,"20210114","DEMOCRAT"
2018,"FLORIDA","FL",12,59,43,"US SENATE","statewide","gen",FALSE,NA,NA,TRUE,"total",1028,8190005,FALSE,"20210114","OTHER"
2018,"HAWAII","HI",15,95,82,"US SENATE","statewide","gen",FALSE,"MAZIE K. HIRONO","DEMOCRAT",FALSE,"total",276316,388351,FALSE,"20210114","DEMOCRAT"
2018,"HAWAII","HI",15,95,82,"US SENATE","statewide","gen",FALSE,"RON CURTIS","REPUBLICAN",FALSE,"total",112035,388351,FALSE,"20210114","REPUBLICAN"
2018,"INDIANA","IN",18,32,22,"US SENATE","statewide","gen",FALSE,"MIKE BRAUN","REPUBLICAN",FALSE,"total",1158000,2282565,FALSE,"20210114","REPUBLICAN"
2018,"INDIANA","IN",18,32,22,"US SENATE","statewide","gen",FALSE,"JOE DONNELLY","DEMOCRAT",FALSE,"total",1023553,2282565,FALSE,"20210114","DEMOCRAT"
2018,"INDIANA","IN",18,32,22,"US SENATE","statewide","gen",FALSE,"LUCY M. BRENTON","LIBERTARIAN",FALSE,"total",100942,2282565,FALSE,"20210114","LIBERTARIAN"
2018,"INDIANA","IN",18,32,22,"US SENATE","statewide","gen",FALSE,NA,NA,TRUE,"total",70,2282565,FALSE,"20210114","OTHER"
2018,"MAINE","ME",23,11,2,"US SENATE","statewide","gen",FALSE,"ERIC L. BRAKEY","REPUBLICAN",FALSE,"total",223502,634409,FALSE,"20210114","REPUBLICAN"
2018,"MAINE","ME",23,11,2,"US SENATE","statewide","gen",FALSE,"ANGUS S. KING, JR.","INDEPENDENT",FALSE,"total",344575,634409,FALSE,"20210114","OTHER"
2018,"MAINE","ME",23,11,2,"US SENATE","statewide","gen",FALSE,"ZAK RINGELSTEIN","DEMOCRAT",FALSE,"total",66268,634409,FALSE,"20210114","DEMOCRAT"
2018,"MAINE","ME",23,11,2,"US SENATE","statewide","gen",FALSE,"OTHERS",NA,FALSE,"total",64,634409,FALSE,"20210114","OTHER"
2018,"MARYLAND","MD",24,52,52,"US SENATE","statewide","gen",FALSE,"TONY CAMPBELL","REPUBLICAN",FALSE,"total",697017,2299889,FALSE,"20210114","REPUBLICAN"
2018,"MARYLAND","MD",24,52,52,"US SENATE","statewide","gen",FALSE,"BEN CARDIN","DEMOCRAT",FALSE,"total",1491614,2299889,FALSE,"20210114","DEMOCRAT"
2018,"MARYLAND","MD",24,52,52,"US SENATE","statewide","gen",FALSE,"ARVIN VOHRA","LIBERTARIAN",FALSE,"total",22943,2299889,FALSE,"20210114","LIBERTARIAN"
2018,"MARYLAND","MD",24,52,52,"US SENATE","statewide","gen",FALSE,"NEAL SIMON","UNAFFILIATED",FALSE,"total",85964,2299889,FALSE,"20210114","OTHER"
2018,"MARYLAND","MD",24,52,52,"US SENATE","statewide","gen",FALSE,NA,NA,TRUE,"total",2351,2299889,FALSE,"20210114","OTHER"
2018,"MASSACHUSETTS","MA",25,14,3,"US SENATE","statewide","gen",FALSE,"ELIZABETH A. WARREN","DEMOCRAT",FALSE,"total",1633371,2707090,FALSE,"20210114","DEMOCRAT"
2018,"MASSACHUSETTS","MA",25,14,3,"US SENATE","statewide","gen",FALSE,"GEOFF DIEHL","REPUBLICAN",FALSE,"total",979210,2707090,FALSE,"20210114","REPUBLICAN"
2018,"MASSACHUSETTS","MA",25,14,3,"US SENATE","statewide","gen",FALSE,"SHIVA AYYADURAI","UNENROLLED",FALSE,"total",91710,2707090,FALSE,"20210114","OTHER"
2018,"MASSACHUSETTS","MA",25,14,3,"US SENATE","statewide","gen",FALSE,"OTHERS",NA,FALSE,"total",2799,2707090,FALSE,"20210114","OTHER"
2018,"MICHIGAN","MI",26,34,23,"US SENATE","statewide","gen",FALSE,"JOHN JAMES","REPUBLICAN",FALSE,"total",1938818,4237271,FALSE,"20210114","REPUBLICAN"
2018,"MICHIGAN","MI",26,34,23,"US SENATE","statewide","gen",FALSE,"DEBBIE STABENOW","DEMOCRAT",FALSE,"total",2214478,4237271,FALSE,"20210114","DEMOCRAT"
2018,"MICHIGAN","MI",26,34,23,"US SENATE","statewide","gen",FALSE,"GEORGE E. HUFFMAN III","US TAXPAYERS",FALSE,"total",27251,4237271,FALSE,"20210114","OTHER"
2018,"MICHIGAN","MI",26,34,23,"US SENATE","statewide","gen",FALSE,"MARCIA SQUIER","GREEN",FALSE,"total",40204,4237271,FALSE,"20210114","OTHER"
2018,"MICHIGAN","MI",26,34,23,"US SENATE","statewide","gen",FALSE,"JOHN HOWARD WILHELM","NATURAL LAW",FALSE,"total",16502,4237271,FALSE,"20210114","OTHER"
2018,"MICHIGAN","MI",26,34,23,"US SENATE","statewide","gen",FALSE,NA,NA,TRUE,"total",18,4237271,FALSE,"20210114","OTHER"
2018,"MINNESOTA","MN",27,41,33,"US SENATE","statewide","gen",FALSE,"JIM NEWBERGER","REPUBLICAN",FALSE,"total",940437,2596879,FALSE,"20210114","REPUBLICAN"
2018,"MINNESOTA","MN",27,41,33,"US SENATE","statewide","gen",FALSE,"AMY KLOBUCHAR","DEMOCRATIC-FARMER-LABOR",FALSE,"total",1566174,2596879,FALSE,"20210114","DEMOCRAT"
2018,"MINNESOTA","MN",27,41,33,"US SENATE","statewide","gen",FALSE,"DENNIS SCHULLER","LEGAL MARIJUANA NOW",FALSE,"total",66236,2596879,FALSE,"20210114","OTHER"
2018,"MINNESOTA","MN",27,41,33,"US SENATE","statewide","gen",FALSE,"PAULA M OVERBY","MINNESOTA GREEN",FALSE,"total",23101,2596879,FALSE,"20210114","OTHER"
2018,"MINNESOTA","MN",27,41,33,"US SENATE","statewide","gen",FALSE,NA,NA,TRUE,"total",931,2596879,FALSE,"20210114","OTHER"
2018,"MINNESOTA","MN",27,41,33,"US SENATE","statewide","gen",TRUE,"KARIN HOUSLEY","REPUBLICAN",FALSE,"total",1095777,2587356,FALSE,"20210114","REPUBLICAN"
2018,"MINNESOTA","MN",27,41,33,"US SENATE","statewide","gen",TRUE,"TINA SMITH","DEMOCRATIC-FARMER-LABOR",FALSE,"total",1370540,2587356,FALSE,"20210114","DEMOCRAT"
2018,"MINNESOTA","MN",27,41,33,"US SENATE","statewide","gen",TRUE,"SARAH WELLINGTON","LEGAL MARIJUANA NOW",FALSE,"total",95614,2587356,FALSE,"20210114","OTHER"
2018,"MINNESOTA","MN",27,41,33,"US SENATE","statewide","gen",TRUE,"JERRY TROOIEN","UNAFFILIATED",FALSE,"total",24324,2587356,FALSE,"20210114","OTHER"
2018,"MINNESOTA","MN",27,41,33,"US SENATE","statewide","gen",TRUE,NA,NA,TRUE,"total",1101,2587356,FALSE,"20210114","OTHER"
2018,"MISSISSIPPI","MS",28,64,46,"US SENATE","statewide","gen",FALSE,"DAVID BARIA","DEMOCRAT",FALSE,"total",369567,936215,FALSE,"20210114","DEMOCRAT"
2018,"MISSISSIPPI","MS",28,64,46,"US SENATE","statewide","gen",FALSE,"ROGER F. WICKER","REPUBLICAN",FALSE,"total",547619,936215,FALSE,"20210114","REPUBLICAN"
2018,"MISSISSIPPI","MS",28,64,46,"US SENATE","statewide","gen",FALSE,"DANNY BEDWELL","LIBERTARIAN",FALSE,"total",12981,936215,FALSE,"20210114","LIBERTARIAN"
2018,"MISSISSIPPI","MS",28,64,46,"US SENATE","statewide","gen",FALSE,"SHAWN O'HARA","REFORM",FALSE,"total",6048,936215,FALSE,"20210114","OTHER"
2018,"MISSISSIPPI","MS",28,64,46,"US SENATE","statewide","gen",TRUE,"CINDY HYDE-SMITH","REPUBLICAN",FALSE,"total",486769,907588,FALSE,"20210114","REPUBLICAN"
2018,"MISSISSIPPI","MS",28,64,46,"US SENATE","statewide","gen",TRUE,"MIKE ESPY","DEMOCRAT",FALSE,"total",420819,907588,FALSE,"20210114","DEMOCRAT"
2018,"MISSOURI","MO",29,43,34,"US SENATE","statewide","gen",FALSE,"JOSH HAWLEY","REPUBLICAN",FALSE,"total",1254927,2442289,FALSE,"20210114","REPUBLICAN"
2018,"MISSOURI","MO",29,43,34,"US SENATE","statewide","gen",FALSE,"CLAIRE MCCASKILL","DEMOCRAT",FALSE,"total",1112935,2442289,FALSE,"20210114","DEMOCRAT"
2018,"MISSOURI","MO",29,43,34,"US SENATE","statewide","gen",FALSE,"JAPHETH CAMPBELL","LIBERTARIAN",FALSE,"total",27316,2442289,FALSE,"20210114","LIBERTARIAN"
2018,"MISSOURI","MO",29,43,34,"US SENATE","statewide","gen",FALSE,"JO CRAIN","GREEN",FALSE,"total",12706,2442289,FALSE,"20210114","OTHER"
2018,"MISSOURI","MO",29,43,34,"US SENATE","statewide","gen",FALSE,"CRAIG O'DEAR","INDEPENDENT",FALSE,"total",34398,2442289,FALSE,"20210114","OTHER"
2018,"MISSOURI","MO",29,43,34,"US SENATE","statewide","gen",FALSE,NA,NA,TRUE,"total",7,2442289,FALSE,"20210114","OTHER"
2018,"MONTANA","MT",30,81,64,"US SENATE","statewide","gen",FALSE,"JON TESTER","DEMOCRAT",FALSE,"total",253876,504384,FALSE,"20210114","DEMOCRAT"
2018,"MONTANA","MT",30,81,64,"US SENATE","statewide","gen",FALSE,"RICK BRECKENRIDGE","LIBERTARIAN",FALSE,"total",14545,504384,FALSE,"20210114","LIBERTARIAN"
2018,"MONTANA","MT",30,81,64,"US SENATE","statewide","gen",FALSE,"MATT ROSENDALE","REPUBLICAN",FALSE,"total",235963,504384,FALSE,"20210114","REPUBLICAN"
2018,"NEBRASKA","NE",31,46,35,"US SENATE","statewide","gen",FALSE,"DEB FISCHER","REPUBLICAN",FALSE,"total",403151,698883,FALSE,"20210114","REPUBLICAN"
2018,"NEBRASKA","NE",31,46,35,"US SENATE","statewide","gen",FALSE,"JANE RAYBOULD","DEMOCRAT",FALSE,"total",269917,698883,FALSE,"20210114","DEMOCRAT"
2018,"NEBRASKA","NE",31,46,35,"US SENATE","statewide","gen",FALSE,"JIM SCHULTZ","LIBERTARIAN",FALSE,"total",25349,698883,FALSE,"20210114","LIBERTARIAN"
2018,"NEBRASKA","NE",31,46,35,"US SENATE","statewide","gen",FALSE,NA,NA,TRUE,"total",466,698883,FALSE,"20210114","OTHER"
2018,"NEVADA","NV",32,88,65,"US SENATE","statewide","gen",FALSE,"JACKY ROSEN","DEMOCRAT",FALSE,"total",490071,972132,FALSE,"20210114","DEMOCRAT"
2018,"NEVADA","NV",32,88,65,"US SENATE","statewide","gen",FALSE,"DEAN HELLER","REPUBLICAN",FALSE,"total",441202,972132,FALSE,"20210114","REPUBLICAN"
2018,"NEVADA","NV",32,88,65,"US SENATE","statewide","gen",FALSE,"NONE OF THESE CANDIDATES",NA,FALSE,"total",15303,972132,FALSE,"20210114","OTHER"
2018,"NEVADA","NV",32,88,65,"US SENATE","statewide","gen",FALSE,"BARRY MICHAELS","INDEPENDENT",FALSE,"total",9269,972132,FALSE,"20210114","OTHER"
2018,"NEVADA","NV",32,88,65,"US SENATE","statewide","gen",FALSE,"TIM HAGAN","LIBERTARIAN",FALSE,"total",9196,972132,FALSE,"20210114","LIBERTARIAN"
2018,"NEVADA","NV",32,88,65,"US SENATE","statewide","gen",FALSE,"KAMAU A. BAKARI","INDEPENDENT AMERICAN",FALSE,"total",7091,972132,FALSE,"20210114","OTHER"
2018,"NEW JERSEY","NJ",34,22,12,"US SENATE","statewide","gen",FALSE,"ROBERT MENENDEZ","DEMOCRAT",FALSE,"total",1711654,3169310,FALSE,"20210114","DEMOCRAT"
2018,"NEW JERSEY","NJ",34,22,12,"US SENATE","statewide","gen",FALSE,"BOB HUGIN","REPUBLICAN",FALSE,"total",1357355,3169310,FALSE,"20210114","REPUBLICAN"
2018,"NEW JERSEY","NJ",34,22,12,"US SENATE","statewide","gen",FALSE,"MADELYN R. HOFFMAN","GREEN",FALSE,"total",25150,3169310,FALSE,"20210114","OTHER"
2018,"NEW JERSEY","NJ",34,22,12,"US SENATE","statewide","gen",FALSE,"MURRAY SABRIN","LIBERTARIAN",FALSE,"total",21212,3169310,FALSE,"20210114","LIBERTARIAN"
2018,"NEW JERSEY","NJ",34,22,12,"US SENATE","statewide","gen",FALSE,"NATALIE LYNN RIVERA","FOR THE PEOPLE",FALSE,"total",19897,3169310,FALSE,"20210114","OTHER"
2018,"NEW JERSEY","NJ",34,22,12,"US SENATE","statewide","gen",FALSE,"TRICIA FLANAGAN","NEW DAY NJ",FALSE,"total",16101,3169310,FALSE,"20210114","OTHER"
2018,"NEW JERSEY","NJ",34,22,12,"US SENATE","statewide","gen",FALSE,"KEVIN KIMPLE","MAKE IT SIMPLE",FALSE,"total",9087,3169310,FALSE,"20210114","OTHER"
2018,"NEW JERSEY","NJ",34,22,12,"US SENATE","statewide","gen",FALSE,"HANK SCHROEDER","ECONOMIC GROWTH",FALSE,"total",8854,3169310,FALSE,"20210114","OTHER"
2018,"NEW MEXICO","NM",35,85,66,"US SENATE","statewide","gen",FALSE,"MARTIN T HEINRICH","DEMOCRAT",FALSE,"total",376998,697012,FALSE,"20210114","DEMOCRAT"
2018,"NEW MEXICO","NM",35,85,66,"US SENATE","statewide","gen",FALSE,"GARY E JOHNSON","LIBERTARIAN",FALSE,"total",107201,697012,FALSE,"20210114","LIBERTARIAN"
2018,"NEW MEXICO","NM",35,85,66,"US SENATE","statewide","gen",FALSE,"MICK RICH","REPUBLICAN",FALSE,"total",212813,697012,FALSE,"20210114","REPUBLICAN"
2018,"NEW YORK","NY",36,21,13,"US SENATE","statewide","gen",FALSE,"KIRSTEN E. GILLIBRAND","DEMOCRAT",FALSE,"total",3755489,6055151,FALSE,"20210114","DEMOCRAT"
2018,"NEW YORK","NY",36,21,13,"US SENATE","statewide","gen",FALSE,"CHELE CHIAVACCI FARLEY","REPUBLICAN",FALSE,"total",1730439,6055151,FALSE,"20210114","REPUBLICAN"
2018,"NEW YORK","NY",36,21,13,"US SENATE","statewide","gen",FALSE,"CHELE CHIAVACCI FARLEY","CONSERVATIVE",FALSE,"total",246171,6055151,FALSE,"20210114","OTHER"
2018,"NEW YORK","NY",36,21,13,"US SENATE","statewide","gen",FALSE,"KIRSTEN E. GILLIBRAND","WORKING FAMILIES",FALSE,"total",160128,6055151,FALSE,"20210114","OTHER"
2018,"NEW YORK","NY",36,21,13,"US SENATE","statewide","gen",FALSE,"KIRSTEN E. GILLIBRAND","INDEPENDENCE",FALSE,"total",99325,6055151,FALSE,"20210114","OTHER"
2018,"NEW YORK","NY",36,21,13,"US SENATE","statewide","gen",FALSE,"KIRSTEN E. GILLIBRAND","WOMEN'S EQUALITY",FALSE,"total",41989,6055151,FALSE,"20210114","OTHER"
2018,"NEW YORK","NY",36,21,13,"US SENATE","statewide","gen",FALSE,"CHELE CHIAVACCI FARLEY","REFORM",FALSE,"total",21610,6055151,FALSE,"20210114","OTHER"
2018,"NORTH DAKOTA","ND",38,44,36,"US SENATE","statewide","gen",FALSE,"KEVIN CRAMER","REPUBLICAN",FALSE,"total",179720,326138,FALSE,"20210114","REPUBLICAN"
2018,"NORTH DAKOTA","ND",38,44,36,"US SENATE","statewide","gen",FALSE,"HEIDI HEITKAMP","DEMOCRATIC-NPL",FALSE,"total",144376,326138,FALSE,"20210114","DEMOCRAT"
2018,"NORTH DAKOTA","ND",38,44,36,"US SENATE","statewide","gen",FALSE,NA,NA,TRUE,"total",2042,326138,FALSE,"20210114","OTHER"
2018,"OHIO","OH",39,31,24,"US SENATE","statewide","gen",FALSE,"SHERROD BROWN","DEMOCRAT",FALSE,"total",2355923,4410898,FALSE,"20210114","DEMOCRAT"
2018,"OHIO","OH",39,31,24,"US SENATE","statewide","gen",FALSE,NA,NA,TRUE,"total",1012,4410898,FALSE,"20210114","OTHER"
2018,"OHIO","OH",39,31,24,"US SENATE","statewide","gen",FALSE,"JIM RENACCI","REPUBLICAN",FALSE,"total",2053963,4410898,FALSE,"20210114","REPUBLICAN"
2018,"PENNSYLVANIA","PA",42,23,14,"US SENATE","statewide","gen",FALSE,"ROBERT P CASEY JR","DEMOCRAT",FALSE,"total",2777680,4994643,FALSE,"20210114","DEMOCRAT"
2018,"PENNSYLVANIA","PA",42,23,14,"US SENATE","statewide","gen",FALSE,"LOUIS J. BARLETTA","REPUBLICAN",FALSE,"total",2134848,4994643,FALSE,"20210114","REPUBLICAN"
2018,"PENNSYLVANIA","PA",42,23,14,"US SENATE","statewide","gen",FALSE,"NEAL TAYLOR GALE","GREEN",FALSE,"total",31208,4994643,FALSE,"20210114","OTHER"
2018,"PENNSYLVANIA","PA",42,23,14,"US SENATE","statewide","gen",FALSE,"DALE R KERNS JR","LIBERTARIAN",FALSE,"total",50907,4994643,FALSE,"20210114","LIBERTARIAN"
2018,"RHODE ISLAND","RI",44,15,5,"US SENATE","statewide","gen",FALSE,"SHELDON WHITEHOUSE","DEMOCRAT",FALSE,"total",231477,376738,FALSE,"20210114","DEMOCRAT"
2018,"RHODE ISLAND","RI",44,15,5,"US SENATE","statewide","gen",FALSE,"ROBERT G. FLANDERS, JR.","REPUBLICAN",FALSE,"total",144421,376738,FALSE,"20210114","REPUBLICAN"
2018,"RHODE ISLAND","RI",44,15,5,"US SENATE","statewide","gen",FALSE,NA,NA,TRUE,"total",840,376738,FALSE,"20210114","OTHER"
2018,"TENNESSEE","TN",47,62,54,"US SENATE","statewide","gen",FALSE,"MARSHA BLACKBURN","REPUBLICAN",FALSE,"total",1227483,2243740,FALSE,"20210114","REPUBLICAN"
2018,"TENNESSEE","TN",47,62,54,"US SENATE","statewide","gen",FALSE,"PHIL BREDESEN","DEMOCRAT",FALSE,"total",985450,2243740,FALSE,"20210114","DEMOCRAT"
2018,"TENNESSEE","TN",47,62,54,"US SENATE","statewide","gen",FALSE,"TRUDY A. AUSTIN","INDEPENDENT",FALSE,"total",9455,2243740,FALSE,"20210114","OTHER"
2018,"TENNESSEE","TN",47,62,54,"US SENATE","statewide","gen",FALSE,"JOHN CARICO","INDEPENDENT",FALSE,"total",3398,2243740,FALSE,"20210114","OTHER"
2018,"TENNESSEE","TN",47,62,54,"US SENATE","statewide","gen",FALSE,"DEAN HILL","INDEPENDENT",FALSE,"total",8717,2243740,FALSE,"20210114","OTHER"
2018,"TENNESSEE","TN",47,62,54,"US SENATE","statewide","gen",FALSE,"KEVIN LEE MCCANTS","INDEPENDENT",FALSE,"total",1927,2243740,FALSE,"20210114","OTHER"
2018,"TENNESSEE","TN",47,62,54,"US SENATE","statewide","gen",FALSE,"BRETON PHILLIPS","INDEPENDENT",FALSE,"total",2226,2243740,FALSE,"20210114","OTHER"
2018,"TENNESSEE","TN",47,62,54,"US SENATE","statewide","gen",FALSE,"KRIS L. TODD","INDEPENDENT",FALSE,"total",5084,2243740,FALSE,"20210114","OTHER"
2018,"TEXAS","TX",48,74,49,"US SENATE","statewide","gen",FALSE,"TED CRUZ","REPUBLICAN",FALSE,"total",4260553,8371655,FALSE,"20210114","REPUBLICAN"
2018,"TEXAS","TX",48,74,49,"US SENATE","statewide","gen",FALSE,"BETO O'ROURKE","DEMOCRAT",FALSE,"total",4045632,8371655,FALSE,"20210114","DEMOCRAT"
2018,"TEXAS","TX",48,74,49,"US SENATE","statewide","gen",FALSE,"NEAL M. DIKEMAN","LIBERTARIAN",FALSE,"total",65470,8371655,FALSE,"20210114","LIBERTARIAN"
2018,"UTAH","UT",49,87,67,"US SENATE","statewide","gen",FALSE,"MITT ROMNEY","REPUBLICAN",FALSE,"total",665215,1062845,FALSE,"20210114","REPUBLICAN"
2018,"UTAH","UT",49,87,67,"US SENATE","statewide","gen",FALSE,"JENNY WILSON","DEMOCRAT",FALSE,"total",328541,1062845,FALSE,"20210114","DEMOCRAT"
2018,"UTAH","UT",49,87,67,"US SENATE","statewide","gen",FALSE,"TIM AALDERS","CONSTITUTION",FALSE,"total",28774,1062845,FALSE,"20210114","OTHER"
2018,"UTAH","UT",49,87,67,"US SENATE","statewide","gen",FALSE,"CRAIG R. BOWDEN","LIBERTARIAN",FALSE,"total",27607,1062845,FALSE,"20210114","LIBERTARIAN"
2018,"UTAH","UT",49,87,67,"US SENATE","statewide","gen",FALSE,"REED C. MCCANDLESS","INDEPENDENT AMERICAN",FALSE,"total",12708,1062845,FALSE,"20210114","OTHER"
2018,"VERMONT","VT",50,13,6,"US SENATE","statewide","gen",FALSE,"FOLASADE ADELUOLA","INDEPENDENT",FALSE,"total",1979,272624,FALSE,"20210114","OTHER"
2018,"VERMONT","VT",50,13,6,"US SENATE","statewide","gen",FALSE,"RUSSELL BESTE","INDEPENDENT",FALSE,"total",2763,272624,FALSE,"20210114","OTHER"
2018,"VERMONT","VT",50,13,6,"US SENATE","statewide","gen",FALSE,"BRUCE BUSA","INDEPENDENT",FALSE,"total",914,272624,FALSE,"20210114","OTHER"
2018,"VERMONT","VT",50,13,6,"US SENATE","statewide","gen",FALSE,"EDWARD S. GILBERT JR","INDEPENDENT",FALSE,"total",2244,272624,FALSE,"20210114","OTHER"
2018,"VERMONT","VT",50,13,6,"US SENATE","statewide","gen",FALSE,"REID KANE","LIBERTY UNION",FALSE,"total",1171,272624,FALSE,"20210114","OTHER"
2018,"VERMONT","VT",50,13,6,"US SENATE","statewide","gen",FALSE,"BRAD J. PEACOCK","INDEPENDENT",FALSE,"total",3787,272624,FALSE,"20210114","OTHER"
2018,"VERMONT","VT",50,13,6,"US SENATE","statewide","gen",FALSE,"BERNIE SANDERS","INDEPENDENT",FALSE,"total",183529,272624,FALSE,"20210114","OTHER"
2018,"VERMONT","VT",50,13,6,"US SENATE","statewide","gen",FALSE,"JON SVITAVSKY","INDEPENDENT",FALSE,"total",1280,272624,FALSE,"20210114","OTHER"
2018,"VERMONT","VT",50,13,6,"US SENATE","statewide","gen",FALSE,"LAWRENCE ZUPAN","REPUBLICAN",FALSE,"total",74663,272624,FALSE,"20210114","REPUBLICAN"
2018,"VERMONT","VT",50,13,6,"US SENATE","statewide","gen",FALSE,NA,NA,TRUE,"total",294,272624,FALSE,"20210114","OTHER"
2018,"VIRGINIA","VA",51,54,40,"US SENATE","statewide","gen",FALSE,"COREY A. STEWART","REPUBLICAN",FALSE,"total",1374313,3351373,FALSE,"20210114","REPUBLICAN"
2018,"VIRGINIA","VA",51,54,40,"US SENATE","statewide","gen",FALSE,"TIMOTHY M. KAINE","DEMOCRAT",FALSE,"total",1910370,3351373,FALSE,"20210114","DEMOCRAT"
2018,"VIRGINIA","VA",51,54,40,"US SENATE","statewide","gen",FALSE,"MATT J. WATERS","LIBERTARIAN",FALSE,"total",61565,3351373,FALSE,"20210114","LIBERTARIAN"
2018,"VIRGINIA","VA",51,54,40,"US SENATE","statewide","gen",FALSE,NA,NA,TRUE,"total",5125,3351373,FALSE,"20210114","OTHER"
2018,"WASHINGTON","WA",53,91,73,"US SENATE","statewide","gen",FALSE,"MARIA CANTWELL","DEMOCRAT",FALSE,"total",1803364,3086168,FALSE,"20210114","DEMOCRAT"
2018,"WASHINGTON","WA",53,91,73,"US SENATE","statewide","gen",FALSE,"SUSAN HUTCHISON","REPUBLICAN",FALSE,"total",1282804,3086168,FALSE,"20210114","REPUBLICAN"
2018,"WEST VIRGINIA","WV",54,55,56,"US SENATE","statewide","gen",FALSE,"JOE MANCHIN","DEMOCRAT",FALSE,"total",288808,582911,TRUE,"20210114","DEMOCRAT"
2018,"WEST VIRGINIA","WV",54,55,56,"US SENATE","statewide","gen",FALSE,"PATRICK MORRISEY","REPUBLICAN",FALSE,"total",269872,582911,TRUE,"20210114","REPUBLICAN"
2018,"WEST VIRGINIA","WV",54,55,56,"US SENATE","statewide","gen",FALSE,"RUSTY HOLLEN","LIBERTARIAN",FALSE,"total",24231,582911,TRUE,"20210114","LIBERTARIAN"
2018,"WISCONSIN","WI",55,35,25,"US SENATE","statewide","gen",FALSE,"TAMMY BALDWIN","DEMOCRAT",FALSE,"total",1472914,2657841,FALSE,"20210114","DEMOCRAT"
2018,"WISCONSIN","WI",55,35,25,"US SENATE","statewide","gen",FALSE,"LEAH VUKMIR","REPUBLICAN",FALSE,"total",1184885,2657841,FALSE,"20210114","REPUBLICAN"
2018,"WISCONSIN","WI",55,35,25,"US SENATE","statewide","gen",FALSE,NA,NA,TRUE,"total",42,2657841,FALSE,"20210114","OTHER"
2018,"WYOMING","WY",56,83,68,"US SENATE","statewide","gen",FALSE,"JOHN BARRASSO","REPUBLICAN",FALSE,"total",136210,203420,FALSE,"20210114","REPUBLICAN"
2018,"WYOMING","WY",56,83,68,"US SENATE","statewide","gen",FALSE,"GARY TRAUNER","DEMOCRAT",FALSE,"total",61227,203420,FALSE,"20210114","DEMOCRAT"
2018,"WYOMING","WY",56,83,68,"US SENATE","statewide","gen",FALSE,"JOSEPH PORAMBO","LIBERTARIAN",FALSE,"total",5658,203420,FALSE,"20210114","LIBERTARIAN"
2018,"WYOMING","WY",56,83,68,"US SENATE","statewide","gen",FALSE,NA,NA,TRUE,"total",325,203420,FALSE,"20210114","OTHER"
2020,"ALABAMA","AL",1,63,41,"US SENATE","statewide","gen",FALSE,"DOUG JONES","DEMOCRAT",FALSE,"total",920478,2316445,FALSE,"20210114","DEMOCRAT"
2020,"ALABAMA","AL",1,63,41,"US SENATE","statewide","gen",FALSE,"TOMMY TUBERVILLE","REPUBLICAN",FALSE,"total",1392076,2316445,FALSE,"20210114","REPUBLICAN"
2020,"ALABAMA","AL",1,63,41,"US SENATE","statewide","gen",FALSE,"","",TRUE,"total",3891,2316445,FALSE,"20210114","OTHER"
2020,"ALASKA","AK",2,94,81,"US SENATE","statewide","gen",FALSE,"AL GROSS","DEMOCRAT",FALSE,"total",146068,354587,FALSE,"20210114","DEMOCRAT"
2020,"ALASKA","AK",2,94,81,"US SENATE","statewide","gen",FALSE,"JOHN WAYNE HOWE","ALASKAN INDEPENDENCE PARTY",FALSE,"total",16806,354587,FALSE,"20210114","OTHER"
2020,"ALASKA","AK",2,94,81,"US SENATE","statewide","gen",FALSE,"DAN SULLIVAN","REPUBLICAN",FALSE,"total",191112,354587,FALSE,"20210114","REPUBLICAN"
2020,"ALASKA","AK",2,94,81,"US SENATE","statewide","gen",FALSE,"","",TRUE,"total",601,354587,FALSE,"20210114","OTHER"
2020,"ARIZONA","AZ",4,86,61,"US SENATE","statewide","gen",TRUE,"EDWARD DAVIDA","REPUBLICAN",TRUE,"total",28,3355307,FALSE,"20210114","REPUBLICAN"
2020,"ARIZONA","AZ",4,86,61,"US SENATE","statewide","gen",TRUE,"MARTHA MCSALLY","REPUBLICAN",FALSE,"total",1637661,3355307,FALSE,"20210114","REPUBLICAN"
2020,"ARIZONA","AZ",4,86,61,"US SENATE","statewide","gen",TRUE,"JOHN SCHIESS","REPUBLICAN",TRUE,"total",92,3355307,FALSE,"20210114","REPUBLICAN"
2020,"ARIZONA","AZ",4,86,61,"US SENATE","statewide","gen",TRUE,"DEBBIE SIMMONS","REPUBLICAN",TRUE,"total",98,3355307,FALSE,"20210114","REPUBLICAN"
2020,"ARIZONA","AZ",4,86,61,"US SENATE","statewide","gen",TRUE,"PATRICK ""PAT"" THOMAS","REPUBLICAN",TRUE,"total",29,3355307,FALSE,"20210114","REPUBLICAN"
2020,"ARIZONA","AZ",4,86,61,"US SENATE","statewide","gen",TRUE,"MOHAMMAD ""MIKE OBAMA"" ARIF","DEMOCRAT",TRUE,"total",68,3355307,FALSE,"20210114","DEMOCRAT"
2020,"ARIZONA","AZ",4,86,61,"US SENATE","statewide","gen",TRUE,"PERRY KAPADIA","DEMOCRAT",TRUE,"total",58,3355307,FALSE,"20210114","DEMOCRAT"
2020,"ARIZONA","AZ",4,86,61,"US SENATE","statewide","gen",TRUE,"ADAM CHILTON","DEMOCRAT",TRUE,"total",19,3355307,FALSE,"20210114","DEMOCRAT"
2020,"ARIZONA","AZ",4,86,61,"US SENATE","statewide","gen",TRUE,"MARK KELLY","DEMOCRAT",FALSE,"total",1716467,3355307,FALSE,"20210114","DEMOCRAT"
2020,"ARIZONA","AZ",4,86,61,"US SENATE","statewide","gen",TRUE,"BUZZ STEWART","DEMOCRAT",TRUE,"total",22,3355307,FALSE,"20210114","DEMOCRAT"
2020,"ARIZONA","AZ",4,86,61,"US SENATE","statewide","gen",TRUE,"MATTHEW ""DOC"" DORCHESTER","LIBERTARIAN",TRUE,"total",379,3355307,FALSE,"20210114","LIBERTARIAN"
2020,"ARIZONA","AZ",4,86,61,"US SENATE","statewide","gen",TRUE,"CHRISTOPHER BECKETT","INDEPENDENT",TRUE,"total",59,3355307,FALSE,"20210114","OTHER"
2020,"ARIZONA","AZ",4,86,61,"US SENATE","statewide","gen",TRUE,"WILLIAM ""WILL"" DECKER","INDEPENDENT",TRUE,"total",21,3355307,FALSE,"20210114","OTHER"
2020,"ARIZONA","AZ",4,86,61,"US SENATE","statewide","gen",TRUE,"NICHOLAS N. GLENN","INDEPENDENT REPUBLICAN PARTY",TRUE,"total",152,3355307,FALSE,"20210114","OTHER"
2020,"ARIZONA","AZ",4,86,61,"US SENATE","statewide","gen",TRUE,"MATTHEW HAUPT","INDEPENDENT",TRUE,"total",37,3355307,FALSE,"20210114","OTHER"
2020,"ARIZONA","AZ",4,86,61,"US SENATE","statewide","gen",TRUE,"BENJAMIN RODRIGUEZ","INDEPENDENT",TRUE,"total",17,3355307,FALSE,"20210114","OTHER"
2020,"ARIZONA","AZ",4,86,61,"US SENATE","statewide","gen",TRUE,"JOSHUA RODRIGUEZ","UNITY PARTY",TRUE,"total",69,3355307,FALSE,"20210114","OTHER"
2020,"ARIZONA","AZ",4,86,61,"US SENATE","statewide","gen",TRUE,"FRANK SEENZ","INDEPENDENT",TRUE,"total",8,3355307,FALSE,"20210114","OTHER"
2020,"ARIZONA","AZ",4,86,61,"US SENATE","statewide","gen",TRUE,"JIM STEVENS","NON-AFFILIATED",TRUE,"total",23,3355307,FALSE,"20210114","OTHER"
2020,"ARKANSAS","AR",5,71,42,"US SENATE","statewide","gen",FALSE,"RICKY DALE HARRINGTON JR.","LIBERTARIAN",FALSE,"total",399390,1193261,FALSE,"20210114","LIBERTARIAN"
2020,"ARKANSAS","AR",5,71,42,"US SENATE","statewide","gen",FALSE,"TOM COTTON","REPUBLICAN",FALSE,"total",793871,1193261,FALSE,"20210114","REPUBLICAN"
2020,"COLORADO","CO",8,84,62,"US SENATE","statewide","gen",FALSE,"JOHN W. HICKENLOOPER","DEMOCRAT",FALSE,"total",1731114,3235790,FALSE,"20210114","DEMOCRAT"
2020,"COLORADO","CO",8,84,62,"US SENATE","statewide","gen",FALSE,"CORY GARDNER","REPUBLICAN",FALSE,"total",1429492,3235790,FALSE,"20210114","REPUBLICAN"
2020,"COLORADO","CO",8,84,62,"US SENATE","statewide","gen",FALSE,"DANIEL DOYLE","APPROVAL VOTING PARTY",FALSE,"total",9820,3235790,FALSE,"20210114","OTHER"
2020,"COLORADO","CO",8,84,62,"US SENATE","statewide","gen",FALSE,"STEPHAN ""SEKU"" EVANS","UNITY PARTY",FALSE,"total",8971,3235790,FALSE,"20210114","OTHER"
2020,"COLORADO","CO",8,84,62,"US SENATE","statewide","gen",FALSE,"RAYMON ANTHONY DOANE","LIBERTARIAN",FALSE,"total",56262,3235790,FALSE,"20210114","LIBERTARIAN"
2020,"COLORADO","CO",8,84,62,"US SENATE","statewide","gen",FALSE,"DANNY SKELLY","UNAFFILIATED",FALSE,"total",55,3235790,FALSE,"20210114","OTHER"
2020,"COLORADO","CO",8,84,62,"US SENATE","statewide","gen",FALSE,"BRUCE LOHMILLER","GREEN",FALSE,"total",71,3235790,FALSE,"20210114","OTHER"
2020,"COLORADO","CO",8,84,62,"US SENATE","statewide","gen",FALSE,"MICHAEL SANCHEZ","UNAFFILIATED",FALSE,"total",5,3235790,FALSE,"20210114","OTHER"
2020,"DELAWARE","DE",10,51,11,"US SENATE","statewide","gen",FALSE,"CHRISTOPHER A. COONS","DEMOCRAT",FALSE,"total",291804,490935,FALSE,"20210114","DEMOCRAT"
2020,"DELAWARE","DE",10,51,11,"US SENATE","statewide","gen",FALSE,"LAUREN WITZKE","REPUBLICAN",FALSE,"total",186054,490935,FALSE,"20210114","REPUBLICAN"
2020,"DELAWARE","DE",10,51,11,"US SENATE","statewide","gen",FALSE,"MARK W. TURLEY","INDEPENDENT PARTY OF DELAWARE",FALSE,"total",7833,490935,FALSE,"20210114","OTHER"
2020,"DELAWARE","DE",10,51,11,"US SENATE","statewide","gen",FALSE,"NADINE M. FROST","LIBERTARIAN",FALSE,"total",5244,490935,FALSE,"20210114","LIBERTARIAN"
2020,"GEORGIA","GA",13,58,44,"US SENATE","statewide","gen",FALSE,"DAVID A. PERDUE","REPUBLICAN",FALSE,"total",2462617,4952175,FALSE,"20210114","REPUBLICAN"
2020,"GEORGIA","GA",13,58,44,"US SENATE","statewide","gen",FALSE,"JON OSSOFF","DEMOCRAT",FALSE,"total",2374519,4952175,FALSE,"20210114","DEMOCRAT"
2020,"GEORGIA","GA",13,58,44,"US SENATE","statewide","gen",FALSE,"SHANE HAZEL","LIBERTARIAN",FALSE,"total",115039,4952175,FALSE,"20210114","LIBERTARIAN"
2020,"GEORGIA","GA",13,58,44,"US SENATE","statewide","gen",TRUE,"AL BARTELL","INDEPENDENT",FALSE,"total",14640,4914361,FALSE,"20210114","OTHER"
2020,"GEORGIA","GA",13,58,44,"US SENATE","statewide","gen",TRUE,"ALLEN BUCKLEY","INDEPENDENT",FALSE,"total",17954,4914361,FALSE,"20210114","OTHER"
2020,"GEORGIA","GA",13,58,44,"US SENATE","statewide","gen",TRUE,"DOUG COLLINS","REPUBLICAN",FALSE,"total",980454,4914361,FALSE,"20210114","REPUBLICAN"
2020,"GEORGIA","GA",13,58,44,"US SENATE","statewide","gen",TRUE,"JOHN FORTUIN","GREEN",FALSE,"total",15293,4914361,FALSE,"20210114","OTHER"
2020,"GEORGIA","GA",13,58,44,"US SENATE","statewide","gen",TRUE,"DERRICK E. GRAYSON","REPUBLICAN",FALSE,"total",51592,4914361,FALSE,"20210114","REPUBLICAN"
2020,"GEORGIA","GA",13,58,44,"US SENATE","statewide","gen",TRUE,"MICHAEL TODD GREENE","INDEPENDENT",FALSE,"total",13293,4914361,FALSE,"20210114","OTHER"
2020,"GEORGIA","GA",13,58,44,"US SENATE","statewide","gen",TRUE,"ANNETTE DAVIS JACKSON","REPUBLICAN",FALSE,"total",44335,4914361,FALSE,"20210114","REPUBLICAN"
2020,"GEORGIA","GA",13,58,44,"US SENATE","statewide","gen",TRUE,"DEBORAH JACKSON","DEMOCRAT",FALSE,"total",324118,4914361,FALSE,"20210114","DEMOCRAT"
2020,"GEORGIA","GA",13,58,44,"US SENATE","statewide","gen",TRUE,"JAMESIA JAMES","DEMOCRAT",FALSE,"total",94406,4914361,FALSE,"20210114","DEMOCRAT"
2020,"GEORGIA","GA",13,58,44,"US SENATE","statewide","gen",TRUE,"A. WAYNE JOHNSON","REPUBLICAN",FALSE,"total",36176,4914361,FALSE,"20210114","REPUBLICAN"
2020,"GEORGIA","GA",13,58,44,"US SENATE","statewide","gen",TRUE,"TAMARA JOHNSON-SHEALEY","DEMOCRAT",FALSE,"total",106767,4914361,FALSE,"20210114","DEMOCRAT"
2020,"GEORGIA","GA",13,58,44,"US SENATE","statewide","gen",TRUE,"MATT LIEBERMAN","DEMOCRAT",FALSE,"total",136021,4914361,FALSE,"20210114","DEMOCRAT"
2020,"GEORGIA","GA",13,58,44,"US SENATE","statewide","gen",TRUE,"KELLY LOEFFLER","REPUBLICAN",FALSE,"total",1273214,4914361,FALSE,"20210114","REPUBLICAN"
2020,"GEORGIA","GA",13,58,44,"US SENATE","statewide","gen",TRUE,"JOY FELICIA SLADE","DEMOCRAT",FALSE,"total",44945,4914361,FALSE,"20210114","DEMOCRAT"
2020,"GEORGIA","GA",13,58,44,"US SENATE","statewide","gen",TRUE,"BRIAN SLOWINSKI","LIBERTARIAN",FALSE,"total",35431,4914361,FALSE,"20210114","LIBERTARIAN"
2020,"GEORGIA","GA",13,58,44,"US SENATE","statewide","gen",TRUE,"VALENCIA STOVALL","INDEPENDENT",FALSE,"total",13318,4914361,FALSE,"20210114","OTHER"
2020,"GEORGIA","GA",13,58,44,"US SENATE","statewide","gen",TRUE,"ED TARVER","DEMOCRAT",FALSE,"total",26333,4914361,FALSE,"20210114","DEMOCRAT"
2020,"GEORGIA","GA",13,58,44,"US SENATE","statewide","gen",TRUE,"KANDISS TAYLOR","REPUBLICAN",FALSE,"total",40349,4914361,FALSE,"20210114","REPUBLICAN"
2020,"GEORGIA","GA",13,58,44,"US SENATE","statewide","gen",TRUE,"RAPHAEL WARNOCK","DEMOCRAT",FALSE,"total",1617035,4914361,FALSE,"20210114","DEMOCRAT"
2020,"GEORGIA","GA",13,58,44,"US SENATE","statewide","gen",TRUE,"RICHARD DIEN WINFIELD","DEMOCRAT",FALSE,"total",28687,4914361,FALSE,"20210114","DEMOCRAT"
2020,"IDAHO","ID",16,82,63,"US SENATE","statewide","gen",FALSE,"NATALIE M FLEMING","INDEPENDENT",FALSE,"total",25329,859827,FALSE,"20210114","OTHER"
2020,"IDAHO","ID",16,82,63,"US SENATE","statewide","gen",FALSE,"PAULETTE JORDAN","DEMOCRAT",FALSE,"total",285864,859827,FALSE,"20210114","DEMOCRAT"
2020,"IDAHO","ID",16,82,63,"US SENATE","statewide","gen",FALSE,"JIM RISCH","REPUBLICAN",FALSE,"total",538446,859827,FALSE,"20210114","REPUBLICAN"
2020,"IDAHO","ID",16,82,63,"US SENATE","statewide","gen",FALSE,"RAY J. WRITZ","CONSTITUTION PARTY",FALSE,"total",10188,859827,FALSE,"20210114","OTHER"
2020,"ILLINOIS","IL",17,33,21,"US SENATE","statewide","gen",FALSE,"RICHARD J. DURBIN","DEMOCRAT",FALSE,"total",3278930,5968901,FALSE,"20210114","DEMOCRAT"
2020,"ILLINOIS","IL",17,33,21,"US SENATE","statewide","gen",FALSE,"MARK C. CURRAN JR.","REPUBLICAN",FALSE,"total",2319870,5968901,FALSE,"20210114","REPUBLICAN"
2020,"ILLINOIS","IL",17,33,21,"US SENATE","statewide","gen",FALSE,"WILLIE L. WILSON","WILLIE WILSON PARTY",FALSE,"total",237699,5968901,FALSE,"20210114","OTHER"
2020,"ILLINOIS","IL",17,33,21,"US SENATE","statewide","gen",FALSE,"DANNY MALOUF ","LIBERTARIAN",FALSE,"total",75673,5968901,FALSE,"20210114","LIBERTARIAN"
2020,"ILLINOIS","IL",17,33,21,"US SENATE","statewide","gen",FALSE,"DAVID F. BLACK","GREEN",FALSE,"total",56711,5968901,FALSE,"20210114","OTHER"
2020,"ILLINOIS","IL",17,33,21,"US SENATE","statewide","gen",FALSE,"KEVIN KEELY","",TRUE,"total",10,5968901,FALSE,"20210114","OTHER"
2020,"ILLINOIS","IL",17,33,21,"US SENATE","statewide","gen",FALSE,"LOWELL MARTIN SEIDA","",TRUE,"total",6,5968901,FALSE,"20210114","OTHER"
2020,"ILLINOIS","IL",17,33,21,"US SENATE","statewide","gen",FALSE,"ALBERT A. SCHAAL","",TRUE,"total",2,5968901,FALSE,"20210114","OTHER"
2020,"IOWA","IA",19,42,31,"US SENATE","statewide","gen",FALSE,"JONI ERNST","REPUBLICAN",FALSE,"total",864997,1700130,FALSE,"20210114","REPUBLICAN"
2020,"IOWA","IA",19,42,31,"US SENATE","statewide","gen",FALSE,"THERESA GREENFIELD","DEMOCRAT",FALSE,"total",754859,1700130,FALSE,"20210114","DEMOCRAT"
2020,"IOWA","IA",19,42,31,"US SENATE","statewide","gen",FALSE,"RICK STEWART","LIBERTARIAN",FALSE,"total",36961,1700130,FALSE,"20210114","LIBERTARIAN"
2020,"IOWA","IA",19,42,31,"US SENATE","statewide","gen",FALSE,"SUZANNE HERZOG","",FALSE,"total",13800,1700130,FALSE,"20210114","OTHER"
2020,"IOWA","IA",19,42,31,"US SENATE","statewide","gen",FALSE,"","",TRUE,"total",1211,1700130,FALSE,"20210114","OTHER"
2020,"IOWA","IA",19,42,31,"US SENATE","statewide","gen",FALSE,"UNDER VOTES","",FALSE,"total",27438,1700130,FALSE,"20210114","OTHER"
2020,"IOWA","IA",19,42,31,"US SENATE","statewide","gen",FALSE,"OVER VOTES","",FALSE,"total",864,1700130,FALSE,"20210114","OTHER"
2020,"KANSAS","KS",20,47,32,"US SENATE","statewide","gen",FALSE,"ROGER MARSHALL","REPUBLICAN",FALSE,"total",727962,1367755,FALSE,"20210114","REPUBLICAN"
2020,"KANSAS","KS",20,47,32,"US SENATE","statewide","gen",FALSE,"BARBARA BOLLIER","DEMOCRAT",FALSE,"total",571530,1367755,FALSE,"20210114","DEMOCRAT"
2020,"KANSAS","KS",20,47,32,"US SENATE","statewide","gen",FALSE,"JASON BUCKLEY","LIBERTARIAN",FALSE,"total",68263,1367755,FALSE,"20210114","LIBERTARIAN"
2020,"KENTUCKY","KY",21,61,51,"US SENATE","statewide","gen",FALSE,"MITCH MCCONNELL","REPUBLICAN",FALSE,"total",1233315,2135057,FALSE,"20210114","REPUBLICAN"
2020,"KENTUCKY","KY",21,61,51,"US SENATE","statewide","gen",FALSE,"AMY MCGRATH","DEMOCRAT",FALSE,"total",816257,2135057,FALSE,"20210114","DEMOCRAT"
2020,"KENTUCKY","KY",21,61,51,"US SENATE","statewide","gen",FALSE,"BRAD BARRON","LIBERTARIAN",FALSE,"total",85386,2135057,FALSE,"20210114","LIBERTARIAN"
2020,"KENTUCKY","KY",21,61,51,"US SENATE","statewide","gen",FALSE,"PAUL JOHN FRANGEDAKIS","",TRUE,"total",70,2135057,FALSE,"20210114","OTHER"
2020,"KENTUCKY","KY",21,61,51,"US SENATE","statewide","gen",FALSE,"DANIEL COBBLE","",TRUE,"total",18,2135057,FALSE,"20210114","OTHER"
2020,"KENTUCKY","KY",21,61,51,"US SENATE","statewide","gen",FALSE,"RANDALL LEE TEEGARGEN","",TRUE,"total",9,2135057,FALSE,"20210114","OTHER"
2020,"KENTUCKY","KY",21,61,51,"US SENATE","statewide","gen",FALSE,"DEMETRA WYSINGER","",TRUE,"total",1,2135057,FALSE,"20210114","OTHER"
2020,"KENTUCKY","KY",21,61,51,"US SENATE","statewide","gen",FALSE,"HAROLD H. FITZPATRICK","",TRUE,"total",1,2135057,FALSE,"20210114","OTHER"
2020,"LOUISIANA","LA",22,72,45,"US SENATE","statewide","gen",FALSE,"BERYL BILLIOT","UNAFFILIATED",FALSE,"total",17362,2071543,FALSE,"20210114","OTHER"
2020,"LOUISIANA","LA",22,72,45,"US SENATE","statewide","gen",FALSE,"JOHN PAUL BOURGEOIS","UNAFFILIATED",FALSE,"total",16518,2071543,FALSE,"20210114","OTHER"
2020,"LOUISIANA","LA",22,72,45,"US SENATE","statewide","gen",FALSE,"""BILL"" CASSIDY","REPUBLICAN",FALSE,"total",1228908,2071543,FALSE,"20210114","REPUBLICAN"
2020,"LOUISIANA","LA",22,72,45,"US SENATE","statewide","gen",FALSE,"RENO JEAN DARET III","UNAFFILIATED",FALSE,"total",3954,2071543,FALSE,"20210114","OTHER"
2020,"LOUISIANA","LA",22,72,45,"US SENATE","statewide","gen",FALSE,"DERRICK ""CHAMP"" EDWARDS","DEMOCRAT",FALSE,"total",229814,2071543,FALSE,"20210114","DEMOCRAT"
2020,"LOUISIANA","LA",22,72,45,"US SENATE","statewide","gen",FALSE,"""XAN"" JOHN","OTHER",FALSE,"total",2813,2071543,FALSE,"20210114","OTHER"
2020,"LOUISIANA","LA",22,72,45,"US SENATE","statewide","gen",FALSE,"DAVID DREW KNIGHT","DEMOCRAT",FALSE,"total",36962,2071543,FALSE,"20210114","DEMOCRAT"
2020,"LOUISIANA","LA",22,72,45,"US SENATE","statewide","gen",FALSE,"M.V. ""VINNY"" MENDOZA","INDEPENDENT",FALSE,"total",7811,2071543,FALSE,"20210114","OTHER"
2020,"LOUISIANA","LA",22,72,45,"US SENATE","statewide","gen",FALSE,"JAMAR MONTGOMERY","UNAFFILIATED",FALSE,"total",5804,2071543,FALSE,"20210114","OTHER"
2020,"LOUISIANA","LA",22,72,45,"US SENATE","statewide","gen",FALSE,"DUSTIN MURPHY","REPUBLICAN",FALSE,"total",38383,2071543,FALSE,"20210114","REPUBLICAN"
2020,"LOUISIANA","LA",22,72,45,"US SENATE","statewide","gen",FALSE,"ADRIAN PERKINS","DEMOCRAT",FALSE,"total",394049,2071543,FALSE,"20210114","DEMOCRAT"
2020,"LOUISIANA","LA",22,72,45,"US SENATE","statewide","gen",FALSE,"ANTOINE PIERCE","DEMOCRAT",FALSE,"total",55710,2071543,FALSE,"20210114","DEMOCRAT"
2020,"LOUISIANA","LA",22,72,45,"US SENATE","statewide","gen",FALSE,"MELINDA MARY PRICE","OTHER",FALSE,"total",7680,2071543,FALSE,"20210114","OTHER"
2020,"LOUISIANA","LA",22,72,45,"US SENATE","statewide","gen",FALSE,"AARON C. SIGLER","LIBERTARIAN",FALSE,"total",11321,2071543,FALSE,"20210114","LIBERTARIAN"
2020,"LOUISIANA","LA",22,72,45,"US SENATE","statewide","gen",FALSE,"PETER WENSTRUP","DEMOCRAT",FALSE,"total",14454,2071543,FALSE,"20210114","DEMOCRAT"
2020,"MAINE","ME",23,11,2,"US SENATE","statewide","gen",FALSE,"SUSAN MARGARET COLLINS","REPUBLICAN",FALSE,"total",417645,828305,FALSE,"20210114","REPUBLICAN"
2020,"MAINE","ME",23,11,2,"US SENATE","statewide","gen",FALSE,"SARA I. GIDEON","DEMOCRAT",FALSE,"total",347223,828305,FALSE,"20210114","DEMOCRAT"
2020,"MAINE","ME",23,11,2,"US SENATE","statewide","gen",FALSE,"MAX PATRICK LINN","INDEPENDENT",FALSE,"total",13508,828305,FALSE,"20210114","OTHER"
2020,"MAINE","ME",23,11,2,"US SENATE","statewide","gen",FALSE,"LISA SAVAGE","INDEPENDENT",FALSE,"total",40579,828305,FALSE,"20210114","OTHER"
2020,"MAINE","ME",23,11,2,"US SENATE","statewide","gen",FALSE,"","",TRUE,"total",228,828305,FALSE,"20210114","OTHER"
2020,"MAINE","ME",23,11,2,"US SENATE","statewide","gen",FALSE,"BLANK VOTES","",FALSE,"total",9122,828305,FALSE,"20210114","OTHER"
2020,"MASSACHUSETTS","MA",25,14,3,"US SENATE","statewide","gen",FALSE,"EDWARD J. MARKEY","DEMOCRAT",FALSE,"total",2357809,3658005,FALSE,"20210114","DEMOCRAT"
2020,"MASSACHUSETTS","MA",25,14,3,"US SENATE","statewide","gen",FALSE,"KEVIN J. O'CONNER","REPUBLICAN",FALSE,"total",1177765,3658005,FALSE,"20210114","REPUBLICAN"
2020,"MASSACHUSETTS","MA",25,14,3,"US SENATE","statewide","gen",FALSE,"SHIVA AYYADURAI","",FALSE,"total",21134,3658005,FALSE,"20210114","OTHER"
2020,"MASSACHUSETTS","MA",25,14,3,"US SENATE","statewide","gen",FALSE,"","",TRUE,"total",7428,3658005,FALSE,"20210114","OTHER"
2020,"MASSACHUSETTS","MA",25,14,3,"US SENATE","statewide","gen",FALSE,"BLANK VOTES","",FALSE,"total",93869,3658005,FALSE,"20210114","OTHER"
2020,"MICHIGAN","MI",26,34,23,"US SENATE","statewide","gen",FALSE,"GARY PETERS","DEMOCRAT",FALSE,"total",2734568,5479720,FALSE,"20210114","DEMOCRAT"
2020,"MICHIGAN","MI",26,34,23,"US SENATE","statewide","gen",FALSE,"JOHN JAMES","REPUBLICAN",FALSE,"total",2642233,5479720,FALSE,"20210114","REPUBLICAN"
2020,"MICHIGAN","MI",26,34,23,"US SENATE","statewide","gen",FALSE,"VALERIE L. WILLIS","US TAXPAYERS",FALSE,"total",50597,5479720,FALSE,"20210114","OTHER"
2020,"MICHIGAN","MI",26,34,23,"US SENATE","statewide","gen",FALSE,"MARCIA SQUIER","GREEN",FALSE,"total",39217,5479720,FALSE,"20210114","OTHER"
2020,"MICHIGAN","MI",26,34,23,"US SENATE","statewide","gen",FALSE,"DOUG DERN","NATURAL LAW",FALSE,"total",13093,5479720,FALSE,"20210114","OTHER"
2020,"MICHIGAN","MI",26,34,23,"US SENATE","statewide","gen",FALSE,"ROBERT WILLIAM CARR","",TRUE,"total",5,5479720,FALSE,"20210114","OTHER"
2020,"MICHIGAN","MI",26,34,23,"US SENATE","statewide","gen",FALSE,"LEONARD PAUL GADZINSKI","",TRUE,"total",7,5479720,FALSE,"20210114","OTHER"
2020,"MINNESOTA","MN",27,41,33,"US SENATE","statewide","gen",FALSE,"KEVIN O'CONNOR","LEGAL MARIJUANA NOW",FALSE,"total",190154,3214256,FALSE,"20210114","OTHER"
2020,"MINNESOTA","MN",27,41,33,"US SENATE","statewide","gen",FALSE,"OLIVER STEINBERG","GRASSROOTS",FALSE,"total",57174,3214256,FALSE,"20210114","OTHER"
2020,"MINNESOTA","MN",27,41,33,"US SENATE","statewide","gen",FALSE,"JASON LEWIS","REPUBLICAN",FALSE,"total",1398145,3214256,FALSE,"20210114","REPUBLICAN"
2020,"MINNESOTA","MN",27,41,33,"US SENATE","statewide","gen",FALSE,"TINA SMITH","DEMOCRAT",FALSE,"total",1566522,3214256,FALSE,"20210114","DEMOCRAT"
2020,"MINNESOTA","MN",27,41,33,"US SENATE","statewide","gen",FALSE,"","",TRUE,"total",2261,3214256,FALSE,"20210114","OTHER"
2020,"MISSISSIPPI","MS",28,64,46,"US SENATE","statewide","gen",FALSE,"MIKE ESPY","DEMOCRAT",FALSE,"total",578691,1311354,FALSE,"20210114","DEMOCRAT"
2020,"MISSISSIPPI","MS",28,64,46,"US SENATE","statewide","gen",FALSE,"CINDY HYDE-SMITH","REPUBLICAN",FALSE,"total",709511,1311354,FALSE,"20210114","REPUBLICAN"
2020,"MISSISSIPPI","MS",28,64,46,"US SENATE","statewide","gen",FALSE,"JIMMY L. EDWARDS","LIBERTARIAN",FALSE,"total",23152,1311354,FALSE,"20210114","LIBERTARIAN"
2020,"MONTANA","MT",30,81,64,"US SENATE","statewide","gen",FALSE,"STEVE BULLOCK","DEMOCRAT",FALSE,"total",272463,605637,FALSE,"20210114","DEMOCRAT"
2020,"MONTANA","MT",30,81,64,"US SENATE","statewide","gen",FALSE,"STEVE DAINES","REPUBLICAN",FALSE,"total",333174,605637,FALSE,"20210114","REPUBLICAN"
2020,"NEBRASKA","NE",31,46,35,"US SENATE","statewide","gen",FALSE,"BEN SASSE","REPUBLICAN",FALSE,"total",583507,930012,FALSE,"20210114","REPUBLICAN"
2020,"NEBRASKA","NE",31,46,35,"US SENATE","statewide","gen",FALSE,"CHRIS JANICEK","DEMOCRAT",FALSE,"total",227191,930012,FALSE,"20210114","DEMOCRAT"
2020,"NEBRASKA","NE",31,46,35,"US SENATE","statewide","gen",FALSE,"GENE SIADEK","LIBERTARIAN",FALSE,"total",55115,930012,FALSE,"20210114","LIBERTARIAN"
2020,"NEBRASKA","NE",31,46,35,"US SENATE","statewide","gen",FALSE,"PRESTON LOVE JR.","",TRUE,"total",58411,930012,FALSE,"20210114","OTHER"
2020,"NEBRASKA","NE",31,46,35,"US SENATE","statewide","gen",FALSE,"","",TRUE,"total",5788,930012,FALSE,"20210114","OTHER"
2020,"NEW HAMPSHIRE","NH",33,12,4,"US SENATE","statewide","gen",FALSE,"CORKY MESSNER","REPUBLICAN",FALSE,"total",326229,795914,FALSE,"20210114","REPUBLICAN"
2020,"NEW HAMPSHIRE","NH",33,12,4,"US SENATE","statewide","gen",FALSE,"JEANNE SHAHEEN","DEMOCRAT",FALSE,"total",450778,795914,FALSE,"20210114","DEMOCRAT"
2020,"NEW HAMPSHIRE","NH",33,12,4,"US SENATE","statewide","gen",FALSE,"JUSTIN O'DONNELL","LIBERTARIAN",FALSE,"total",18421,795914,FALSE,"20210114","LIBERTARIAN"
2020,"NEW HAMPSHIRE","NH",33,12,4,"US SENATE","statewide","gen",FALSE,"","",TRUE,"total",486,795914,FALSE,"20210114","OTHER"
2020,"NEW JERSEY","NJ",34,22,12,"US SENATE","statewide","gen",FALSE,"CORY BOOKER","DEMOCRAT",FALSE,"total",2541178,4440440,FALSE,"20210114","DEMOCRAT"
2020,"NEW JERSEY","NJ",34,22,12,"US SENATE","statewide","gen",FALSE,"RIKIN ""RIK"" MEHTA","REPUBLICAN",FALSE,"total",1817052,4440440,FALSE,"20210114","REPUBLICAN"
2020,"NEW JERSEY","NJ",34,22,12,"US SENATE","statewide","gen",FALSE,"MADELYN R. HOFFMAN","GREEN",FALSE,"total",38288,4440440,FALSE,"20210114","OTHER"
2020,"NEW JERSEY","NJ",34,22,12,"US SENATE","statewide","gen",FALSE,"VERONICA FERNANDEZ","OF, BY, FOR!",FALSE,"total",32290,4440440,FALSE,"20210114","OTHER"
2020,"NEW JERSEY","NJ",34,22,12,"US SENATE","statewide","gen",FALSE,"DANIEL BURKE","LAROUCHE WAS RIGHT",FALSE,"total",11632,4440440,FALSE,"20210114","OTHER"
2020,"NEW MEXICO","NM",35,85,66,"US SENATE","statewide","gen",FALSE,"BOB WALSH","LIBERTARIAN",FALSE,"total",24271,917237,FALSE,"20210114","LIBERTARIAN"
2020,"NEW MEXICO","NM",35,85,66,"US SENATE","statewide","gen",FALSE,"MARK V. RONCHETTI","REPUBLICAN",FALSE,"total",418483,917237,FALSE,"20210114","REPUBLICAN"
2020,"NEW MEXICO","NM",35,85,66,"US SENATE","statewide","gen",FALSE,"BEN R. LUJAN","DEMOCRAT",FALSE,"total",474483,917237,FALSE,"20210114","DEMOCRAT"
2020,"NORTH CAROLINA","NC",37,56,47,"US SENATE","statewide","gen",FALSE,"THOM TILLIS","REPUBLICAN",FALSE,"total",2665598,5474952,FALSE,"20210114","REPUBLICAN"
2020,"NORTH CAROLINA","NC",37,56,47,"US SENATE","statewide","gen",FALSE,"CAL CUNNINGHAM","DEMOCRAT",FALSE,"total",2569965,5474952,FALSE,"20210114","DEMOCRAT"
2020,"NORTH CAROLINA","NC",37,56,47,"US SENATE","statewide","gen",FALSE,"SHANNON W. BRAY","LIBERTARIAN",FALSE,"total",171571,5474952,FALSE,"20210114","LIBERTARIAN"
2020,"NORTH CAROLINA","NC",37,56,47,"US SENATE","statewide","gen",FALSE,"KEVIN E. HAYES","CONSTITUTION PARTY",FALSE,"total",67818,5474952,FALSE,"20210114","OTHER"
2020,"OKLAHOMA","OK",40,73,53,"US SENATE","statewide","gen",FALSE,"JIM INHOFE ","REPUBLICAN",FALSE,"total",979140,1556361,FALSE,"20210114","REPUBLICAN"
2020,"OKLAHOMA","OK",40,73,53,"US SENATE","statewide","gen",FALSE,"ROBERT MURPHY","LIBERTARIAN",FALSE,"total",34435,1556361,FALSE,"20210114","LIBERTARIAN"
2020,"OKLAHOMA","OK",40,73,53,"US SENATE","statewide","gen",FALSE,"ABBY BROYLES","DEMOCRAT",FALSE,"total",509763,1556361,FALSE,"20210114","DEMOCRAT"
2020,"OKLAHOMA","OK",40,73,53,"US SENATE","statewide","gen",FALSE,"JOAN FARR","INDEPENDENT",FALSE,"total",21652,1556361,FALSE,"20210114","OTHER"
2020,"OKLAHOMA","OK",40,73,53,"US SENATE","statewide","gen",FALSE,"A. D. NESBIT","INDEPENDENT",FALSE,"total",11371,1556361,FALSE,"20210114","OTHER"
2020,"OREGON","OR",41,92,72,"US SENATE","statewide","gen",FALSE,"JO RAE PERKINS","REPUBLICAN",FALSE,"total",912814,2321249,FALSE,"20210114","REPUBLICAN"
2020,"OREGON","OR",41,92,72,"US SENATE","statewide","gen",FALSE,"JEFF MERKLEY","DEMOCRAT",FALSE,"total",1321047,2321249,FALSE,"20210114","DEMOCRAT"
2020,"OREGON","OR",41,92,72,"US SENATE","statewide","gen",FALSE,"IBRAHIM A TAHER","PACIFIC GREEN",FALSE,"total",42239,2321249,FALSE,"20210114","OTHER"
2020,"OREGON","OR",41,92,72,"US SENATE","statewide","gen",FALSE,"GARY DYE","LIBERTARIAN",FALSE,"total",42747,2321249,FALSE,"20210114","LIBERTARIAN"
2020,"OREGON","OR",41,92,72,"US SENATE","statewide","gen",FALSE,"","",TRUE,"total",2402,2321249,FALSE,"20210114","OTHER"
2020,"RHODE ISLAND","RI",44,15,5,"US SENATE","statewide","gen",FALSE,"JOHN F. REED","DEMOCRAT",FALSE,"total",328574,494262,FALSE,"20210114","DEMOCRAT"
2020,"RHODE ISLAND","RI",44,15,5,"US SENATE","statewide","gen",FALSE,"ALLEN R. WATERS","REPUBLICAN",FALSE,"total",164855,494262,FALSE,"20210114","REPUBLICAN"
2020,"RHODE ISLAND","RI",44,15,5,"US SENATE","statewide","gen",FALSE,"","",TRUE,"total",833,494262,FALSE,"20210114","OTHER"
2020,"SOUTH CAROLINA","SC",45,57,48,"US SENATE","statewide","gen",FALSE,"BILL BLEDSOE","CONSTITUTION PARTY",FALSE,"total",32845,2515104,FALSE,"20210114","OTHER"
2020,"SOUTH CAROLINA","SC",45,57,48,"US SENATE","statewide","gen",FALSE,"LINDSEY GRAHAM","REPUBLICAN",FALSE,"total",1369137,2515104,FALSE,"20210114","REPUBLICAN"
2020,"SOUTH CAROLINA","SC",45,57,48,"US SENATE","statewide","gen",FALSE,"JAIME HARRISON","DEMOCRAT",FALSE,"total",1110828,2515104,FALSE,"20210114","DEMOCRAT"
2020,"SOUTH CAROLINA","SC",45,57,48,"US SENATE","statewide","gen",FALSE,"","",TRUE,"total",2294,2515104,FALSE,"20210114","OTHER"
2020,"SOUTH DAKOTA","SD",46,45,37,"US SENATE","statewide","gen",FALSE,"MIKE ROUNDS","REPUBLICAN",FALSE,"total",276232,420219,TRUE,"20210114","REPUBLICAN"
2020,"SOUTH DAKOTA","SD",46,45,37,"US SENATE","statewide","gen",FALSE,"DAN AHLERS","DEMOCRAT",FALSE,"total",143987,420219,TRUE,"20210114","DEMOCRAT"
2020,"TENNESSEE","TN",47,62,54,"US SENATE","statewide","gen",FALSE,"BILL HAGERTY","REPUBLICAN",FALSE,"total",1840926,2959761,FALSE,"20210114","REPUBLICAN"
2020,"TENNESSEE","TN",47,62,54,"US SENATE","statewide","gen",FALSE,"MARQUITA BRADSHAW","DEMOCRAT",FALSE,"total",1040691,2959761,FALSE,"20210114","DEMOCRAT"
2020,"TENNESSEE","TN",47,62,54,"US SENATE","statewide","gen",FALSE,"YOMI ""FAPAS"" FAPARUSI SR.","INDEPENDENT",FALSE,"total",10727,2959761,FALSE,"20210114","OTHER"
2020,"TENNESSEE","TN",47,62,54,"US SENATE","statewide","gen",FALSE,"JEFFREY ALAN GRUNAU","INDEPENDENT",FALSE,"total",4160,2959761,FALSE,"20210114","OTHER"
2020,"TENNESSEE","TN",47,62,54,"US SENATE","statewide","gen",FALSE,"RONNIE HENLEY","INDEPENDENT",FALSE,"total",8478,2959761,FALSE,"20210114","OTHER"
2020,"TENNESSEE","TN",47,62,54,"US SENATE","statewide","gen",FALSE,"G. DEAN HILL","INDEPENDENT",FALSE,"total",4872,2959761,FALSE,"20210114","OTHER"
2020,"TENNESSEE","TN",47,62,54,"US SENATE","statewide","gen",FALSE,"STEVEN J. HOOPER","INDEPENDENT",FALSE,"total",9609,2959761,FALSE,"20210114","OTHER"
2020,"TENNESSEE","TN",47,62,54,"US SENATE","statewide","gen",FALSE,"AARON JAMES","INDEPENDENT",FALSE,"total",7203,2959761,FALSE,"20210114","OTHER"
2020,"TENNESSEE","TN",47,62,54,"US SENATE","statewide","gen",FALSE,"ELIZABETH MCLEOD","INDEPENDENT",FALSE,"total",16652,2959761,FALSE,"20210114","OTHER"
2020,"TENNESSEE","TN",47,62,54,"US SENATE","statewide","gen",FALSE,"KACEY MORGAN","INDEPENDENT",FALSE,"total",9598,2959761,FALSE,"20210114","OTHER"
2020,"TENNESSEE","TN",47,62,54,"US SENATE","statewide","gen",FALSE,"ERIC WILLIAM STANSBERRY","INDEPENDENT",FALSE,"total",6781,2959761,FALSE,"20210114","OTHER"
2020,"TENNESSEE","TN",47,62,54,"US SENATE","statewide","gen",FALSE,"JOHN A. GENTRY","",TRUE,"total",64,2959761,FALSE,"20210114","OTHER"
2020,"TEXAS","TX",48,74,49,"US SENATE","statewide","gen",FALSE,"JOHN CORNYN","REPUBLICAN",FALSE,"total",5962983,11144040,FALSE,"20210114","REPUBLICAN"
2020,"TEXAS","TX",48,74,49,"US SENATE","statewide","gen",FALSE,"MARY ""MJ"" HEGAR","DEMOCRAT",FALSE,"total",4888764,11144040,FALSE,"20210114","DEMOCRAT"
2020,"TEXAS","TX",48,74,49,"US SENATE","statewide","gen",FALSE,"KERRY DOUGLAS MCKENNON","LIBERTARIAN",FALSE,"total",209722,11144040,FALSE,"20210114","LIBERTARIAN"
2020,"TEXAS","TX",48,74,49,"US SENATE","statewide","gen",FALSE,"DAVID B. COLLINS","GREEN",FALSE,"total",81893,11144040,FALSE,"20210114","OTHER"
2020,"TEXAS","TX",48,74,49,"US SENATE","statewide","gen",FALSE,"RICARDO TURULLOLS-BONILLA","",TRUE,"total",678,11144040,FALSE,"20210114","OTHER"
2020,"VIRGINIA","VA",51,54,40,"US SENATE","statewide","gen",FALSE,"MARK R. WARNER","DEMOCRAT",FALSE,"total",2466500,4405087,FALSE,"20210114","DEMOCRAT"
2020,"VIRGINIA","VA",51,54,40,"US SENATE","statewide","gen",FALSE,"DANIEL M. GADE","REPUBLICAN",FALSE,"total",1934199,4405087,FALSE,"20210114","REPUBLICAN"
2020,"VIRGINIA","VA",51,54,40,"US SENATE","statewide","gen",FALSE,"","",TRUE,"total",4388,4405087,FALSE,"20210114","OTHER"
2020,"WEST VIRGINIA","WV",54,55,56,"US SENATE","statewide","gen",FALSE,"SHELLEY MOORE CAPITO","REPUBLICAN",FALSE,"total",547454,778918,FALSE,"20210114","REPUBLICAN"
2020,"WEST VIRGINIA","WV",54,55,56,"US SENATE","statewide","gen",FALSE,"PAULA JEAN SWEARENGIN","DEMOCRAT",FALSE,"total",210309,778918,FALSE,"20210114","DEMOCRAT"
2020,"WEST VIRGINIA","WV",54,55,56,"US SENATE","statewide","gen",FALSE,"DAVID MORAN","LIBERTARIAN",FALSE,"total",21155,778918,FALSE,"20210114","LIBERTARIAN"
2020,"WYOMING","WY",56,83,68,"US SENATE","statewide","gen",FALSE,"CYNTHIA M. LUMMIS","",FALSE,"total",198100,278503,FALSE,"20210114","OTHER"
2020,"WYOMING","WY",56,83,68,"US SENATE","statewide","gen",FALSE,"MERAV BEN DAVID","",FALSE,"total",72766,278503,FALSE,"20210114","OTHER"
2020,"WYOMING","WY",56,83,68,"US SENATE","statewide","gen",FALSE,"","",TRUE,"total",1071,278503,FALSE,"20210114","OTHER"
2020,"WYOMING","WY",56,83,68,"US SENATE","statewide","gen",FALSE,"OVER VOTES","",FALSE,"total",165,278503,FALSE,"20210114","OTHER"
2020,"WYOMING","WY",56,83,68,"US SENATE","statewide","gen",FALSE,"UNDER VOTES","",FALSE,"total",6401,278503,FALSE,"20210114","OTHER"
2021,"GEORGIA","GA",13,58,44,"US SENATE","statewide","runoff",TRUE,"KELLY LOEFFLER","REPUBLICAN",FALSE,"total",2194848,4483294,TRUE,"20210114","REPUBLICAN"
2021,"GEORGIA","GA",13,58,44,"US SENATE","statewide","runoff",TRUE,"RAPHAEL WARNOCK","DEMOCRAT",FALSE,"total",2288446,4483294,TRUE,"20210114","DEMOCRAT"
2021,"GEORGIA","GA",13,58,44,"US SENATE","statewide","runoff",FALSE,"DAVID A. PERDUE","REPUBLICAN",FALSE,"total",2213979,4483241,TRUE,"20210114","REPUBLICAN"
2021,"GEORGIA","GA",13,58,44,"US SENATE","statewide","runoff",FALSE,"JON OSSOFF","DEMOCRAT",FALSE,"total",2269262,4483241,TRUE,"20210114","DEMOCRAT"
