date,region,state_po,special,runoff,offyear,candidate,party,writein,voteshare,candidatevotes,totalvotes,version
11/08/2016,New Hampshire,NH,FALSE,FALSE,FALSE,Jarvis,independent,TRUE,0.0,,,
11/08/2016,New Hampshire,NH,FALSE,FALSE,FALSE,Fortune,independent,TRUE,0.0,,,
11/08/2016,New Hampshire,NH,FALSE,FALSE,FALSE,Gill,independent,TRUE,0.0,,,
11/08/2016,New Hampshire,NH,FALSE,FALSE,FALSE,Write-In,nonpartisan,TRUE,0.002746725933038380,,,
11/08/2016,New Hampshire,NH,FALSE,FALSE,FALSE,Abramson,libertarian,FALSE,0.04310193788343450,,,
11/08/2016,New Hampshire,NH,FALSE,FALSE,FALSE,Van Ostern,democratic,FALSE,0.46572800653364800,,,
11/08/2016,New Hampshire,NH,FALSE,FALSE,FALSE,Sununu,republican,FALSE,0.48842332964987900,,,
11/08/2016,Indiana,IN,FALSE,FALSE,FALSE,Pence,republican,FALSE,0.0,,,
11/08/2016,Indiana,IN,FALSE,FALSE,FALSE,Stried,independent,TRUE,1.10295415240179E-06,,,
11/08/2016,Indiana,IN,FALSE,FALSE,FALSE,Adkins,independent,TRUE,1.50737067494912E-05,,,
11/08/2016,Indiana,IN,FALSE,FALSE,FALSE,Bell,libertarian,FALSE,0.03199486170425530,,,
11/08/2016,Indiana,IN,FALSE,FALSE,FALSE,Gregg,democratic,FALSE,0.45423438805162400,,,
11/08/2016,Indiana,IN,FALSE,FALSE,FALSE,Holcomb,republican,FALSE,0.5137545735832190,,,
11/08/2016,North Carolina,NC,FALSE,FALSE,FALSE,Cecil,libertarian,FALSE,0.021858776051185600,,,
11/08/2016,North Carolina,NC,FALSE,FALSE,FALSE,McCrory,republican,FALSE,0.487979870151097,,,
11/08/2016,North Carolina,NC,FALSE,FALSE,FALSE,Cooper,democratic,FALSE,0.4901613537977170,,,
11/08/2016,West Virginia,WV,FALSE,FALSE,FALSE,Hudok,constitution,FALSE,0.005660789680860900,,,
11/08/2016,West Virginia,WV,FALSE,FALSE,FALSE,Moran,libertarian,FALSE,0.0215084792773913,,,
11/08/2016,West Virginia,WV,FALSE,FALSE,FALSE,Pritt,mountain,FALSE,0.058930487575960500,,,
11/08/2016,West Virginia,WV,FALSE,FALSE,FALSE,Cole,republican,FALSE,0.42303511342591900,,,
11/08/2016,West Virginia,WV,FALSE,FALSE,FALSE,Justice,democratic,FALSE,0.49086513003986800,,,
11/08/2016,Delaware,DE,FALSE,FALSE,FALSE,Linney,independent,TRUE,2.34848182392492E-06,,,
11/08/2016,Delaware,DE,FALSE,FALSE,FALSE,Franz,independent,TRUE,9.3939272956997E-06,,,
11/08/2016,Delaware,DE,FALSE,FALSE,FALSE,Smith,independent,TRUE,9.3939272956997E-06,,,
11/08/2016,Delaware,DE,FALSE,FALSE,FALSE,Walker,independent,TRUE,3.28787455349489E-05,,,
11/08/2016,Delaware,DE,FALSE,FALSE,FALSE,Goward,libertarian,FALSE,0.010749001308104400,,,
11/08/2016,Delaware,DE,FALSE,FALSE,FALSE,Groff,green,FALSE,0.013975815334177200,,,
11/08/2016,Delaware,DE,FALSE,FALSE,FALSE,Bonini,republican,FALSE,0.39184888928552100,,,
11/08/2016,Delaware,DE,FALSE,FALSE,FALSE,Carney,democratic,FALSE,0.5833722789902470,,,
11/08/2016,Missouri,MO,FALSE,FALSE,FALSE,Lindstedt,independent,TRUE,1.07026427679032E-06,,,
11/08/2016,Missouri,MO,FALSE,FALSE,FALSE,Brown,independent,TRUE,1.07026427679032E-06,,,
11/08/2016,Missouri,MO,FALSE,FALSE,FALSE,Altis,independent,TRUE,7.84860469646235E-06,,,
11/08/2016,Missouri,MO,FALSE,FALSE,FALSE,Fitz,green,FALSE,0.0075232443563180900,,,
11/08/2016,Missouri,MO,FALSE,FALSE,FALSE,Turilli,independent,FALSE,0.010709421108322900,,,
11/08/2016,Missouri,MO,FALSE,FALSE,FALSE,Spragins,libertarian,FALSE,0.014681885349009600,,,
11/08/2016,Missouri,MO,FALSE,FALSE,FALSE,Koster,democratic,FALSE,0.45570425886696100,,,
11/08/2016,Missouri,MO,FALSE,FALSE,FALSE,Greitens,republican,FALSE,0.5113712011861380,,,
11/08/2016,North Dakota,ND,FALSE,FALSE,FALSE,Write-In,nonpartisan,TRUE,0.001922844750162690,,,
11/08/2016,North Dakota,ND,FALSE,FALSE,FALSE,Riske,libertarian,FALSE,0.038957482457354400,,,
11/08/2016,North Dakota,ND,FALSE,FALSE,FALSE,Nelson,democratic,FALSE,0.19391874582230300,,,
11/08/2016,North Dakota,ND,FALSE,FALSE,FALSE,Burgum,republican,FALSE,0.7652009269701800,,,
11/08/2016,Montana,MT,FALSE,FALSE,FALSE,Dunlap,libertarian,FALSE,0.03398774933249570,,,
11/08/2016,Montana,MT,FALSE,FALSE,FALSE,Gianforte,republican,FALSE,0.46355230092665300,,,
11/08/2016,Montana,MT,FALSE,FALSE,FALSE,Bullock,democratic,FALSE,0.5024599497408510,,,
11/08/2016,Utah,UT,FALSE,FALSE,FALSE,Brown,unaffiliated,TRUE,8.62195398365384E-05,,,
11/08/2016,Utah,UT,FALSE,FALSE,FALSE,Schanze,independent american,FALSE,0.014143559978134000,,,
11/08/2016,Utah,UT,FALSE,FALSE,FALSE,Kamerath,libertarian,FALSE,0.030956370246259000,,,
11/08/2016,Utah,UT,FALSE,FALSE,FALSE,Weinholtz,democratic,FALSE,0.2874123916144830,,,
11/08/2016,Utah,UT,FALSE,FALSE,FALSE,Herbert,republican,FALSE,0.6674014586212870,,,
11/08/2016,Oregon,OR,TRUE,FALSE,FALSE,Write-In,nonpartisan,TRUE,0.00171527291749527,,,
11/08/2016,Oregon,OR,TRUE,FALSE,FALSE,Auer,constitution,FALSE,0.009968931875197200,,,
11/08/2016,Oregon,OR,TRUE,FALSE,FALSE,Foster,libertarian,FALSE,0.023221958782063700,,,
11/08/2016,Oregon,OR,TRUE,FALSE,FALSE,Thomason,independent party of oregon,FALSE,0.024398703833311200,,,
11/08/2016,Oregon,OR,TRUE,FALSE,FALSE,Pierce,republican,FALSE,0.4345267275285370,,,
11/08/2016,Oregon,OR,TRUE,FALSE,FALSE,Brown,democratic,FALSE,0.5061684050633950,,,
11/08/2016,Washington,WA,FALSE,FALSE,FALSE,Bryant,republican,FALSE,0.45610352730079000,,,
11/08/2016,Washington,WA,FALSE,FALSE,FALSE,Inslee,democratic,FALSE,0.5438964726992100,,,
11/08/2016,Vermont,VT,FALSE,FALSE,FALSE,Galbraith,independent democrat,TRUE,4.12310971277783E-05,,,
11/08/2016,Vermont,VT,FALSE,FALSE,FALSE,Lisman,independent republican,TRUE,8.88054399675226E-05,,,
11/08/2016,Vermont,VT,FALSE,FALSE,FALSE,Dunne,independent democrat,TRUE,0.00012052166852735200,,,
11/08/2016,Vermont,VT,FALSE,FALSE,FALSE,Sanders,independent,TRUE,0.00015858114279914700,,,
11/08/2016,Vermont,VT,FALSE,FALSE,FALSE,Write-In,nonpartisan,TRUE,0.0005835786055008630,,,
11/08/2016,Vermont,VT,FALSE,FALSE,FALSE,Lee,liberty union,FALSE,0.028268674515376000,,,
11/08/2016,Vermont,VT,FALSE,FALSE,FALSE,Minter,democratic,FALSE,0.44165799756419400,,,
11/08/2016,Vermont,VT,FALSE,FALSE,FALSE,Scott,republican,FALSE,0.5290806099665080,,,
11/08/2016,National Popular Vote,NPV,FALSE,FALSE,FALSE,Republican,republican,FALSE,0.4948,,,
11/08/2016,National Popular Vote,NPV,FALSE,FALSE,FALSE,Democratic,democrat,FALSE,0.4744,,,
01/03/2017,New Hampshire,NH,FALSE,FALSE,TRUE,Morse,republican,FALSE,1.0,,,
01/24/2017,South Carolina,SC,FALSE,FALSE,TRUE,McMaster,republican,FALSE,1.0,,,
04/10/2017,Alabama,AL,FALSE,FALSE,TRUE,Ivey,republican,FALSE,1.0,,,
05/22/2017,Iowa,IA,FALSE,FALSE,TRUE,Reynolds,republican,FALSE,1.0,,,
08/03/2017,West Virginia,WV,FALSE,FALSE,TRUE,Justice,republican,FALSE,1.00,,,
11/07/2017,New Jersey,NJ,FALSE,FALSE,FALSE,Ross,we the people,FALSE,0.002319067343759820,,,
11/07/2017,New Jersey,NJ,FALSE,FALSE,FALSE,Riccardi,constitution,FALSE,0.0031964012545316100,,,
11/07/2017,New Jersey,NJ,FALSE,FALSE,FALSE,Kaper-Dale,green,FALSE,0.004681442571650100,,,
11/07/2017,New Jersey,NJ,FALSE,FALSE,FALSE,Rohrman,libertarian,FALSE,0.004904035782557170,,,
11/07/2017,New Jersey,NJ,FALSE,FALSE,FALSE,Genovese,reduce property taxes,FALSE,0.00572502287634202,,,
11/07/2017,New Jersey,NJ,FALSE,FALSE,FALSE,Guadagno,republican,FALSE,0.41891436913684600,,,
11/07/2017,New Jersey,NJ,FALSE,FALSE,FALSE,Murphy,democratic,FALSE,0.5602596610343130,,,
11/07/2017,Virginia,VA,FALSE,FALSE,FALSE,Write-In,nonpartisan,TRUE,0.0005313122302796720,,,
11/07/2017,Virginia,VA,FALSE,FALSE,FALSE,Hyra,libertarian,FALSE,0.010705425045959100,,,
11/07/2017,Virginia,VA,FALSE,FALSE,FALSE,Gillespie,republican,FALSE,0.4497338083649740,,,
11/07/2017,Virginia,VA,FALSE,FALSE,FALSE,Northam,democratic,FALSE,0.5390294543587880,,,
11/07/2017,National Popular Vote,NPV,FALSE,FALSE,FALSE,Republican,republican,FALSE,0.4358,,,
11/07/2017,National Popular Vote,NPV,FALSE,FALSE,FALSE,Democratic,democrat,FALSE,0.5486,,,
01/31/2018,Kansas,KS,FALSE,FALSE,TRUE,Colyer,republican,FALSE,1.0,,,
06/01/2018,Missouri,MO,FALSE,FALSE,TRUE,Parson,republican,FALSE,1.0,,,
11/06/2018,Florida,FL,FALSE,FALSE,FALSE,Lee,no party affiliation,TRUE,0.0,,,
11/06/2018,Florida,FL,FALSE,FALSE,FALSE,Knox,no party affiliation,TRUE,0.0,,,
11/06/2018,Florida,FL,FALSE,FALSE,FALSE,Choice,no party affiliation,TRUE,0.0,,,
11/06/2018,Florida,FL,FALSE,FALSE,FALSE,Hunter,no party affiliation,TRUE,0.0,,,
11/06/2018,Florida,FL,FALSE,FALSE,FALSE,Wilds,no party affiliation,TRUE,0.0,,,
11/06/2018,Florida,FL,FALSE,FALSE,FALSE,Morgan,independent,FALSE,0.0,,,
11/06/2018,Florida,FL,FALSE,FALSE,FALSE,Dembinsky,no party affiliation,FALSE,0.0,,,
11/06/2018,Florida,FL,FALSE,FALSE,FALSE,Herman,no party affiliation,FALSE,0.0,,,
11/06/2018,Florida,FL,FALSE,FALSE,FALSE,Murphy,no party affiliation,FALSE,0.0,,,
11/06/2018,Florida,FL,FALSE,FALSE,FALSE,Blass,no party affiliation,TRUE,7.29877194512637E-07,,,
11/06/2018,Florida,FL,FALSE,FALSE,FALSE,Johnson,no party affiliation,TRUE,7.42041814421181E-06,,,
11/06/2018,Florida,FL,FALSE,FALSE,FALSE,Stanley,no party affiliation,FALSE,0.0017644781177343000,,,
11/06/2018,Florida,FL,FALSE,FALSE,FALSE,Foley,no party affiliation,FALSE,0.0017796838926199800,,,
11/06/2018,Florida,FL,FALSE,FALSE,FALSE,Gibson,no party affiliation,FALSE,0.0029572190997670400,,,
11/06/2018,Florida,FL,FALSE,FALSE,FALSE,Richardson,reform,FALSE,0.00573440182488762,,,
11/06/2018,Florida,FL,FALSE,FALSE,FALSE,Gillum,democratic,FALSE,0.49190353310437100,,,
11/06/2018,Florida,FL,FALSE,FALSE,FALSE,DeSantis,republican,FALSE,0.4958525336652820,,,
11/06/2018,South Carolina,SC,FALSE,FALSE,FALSE,Write-In,nonpartisan,TRUE,0.0011976089985236300,,,
11/06/2018,South Carolina,SC,FALSE,FALSE,FALSE,Smith,democratic,FALSE,0.45923883602946600,,,
11/06/2018,South Carolina,SC,FALSE,FALSE,FALSE,McMaster,republican,FALSE,0.5395635549720100,,,
11/06/2018,Vermont,VT,FALSE,FALSE,FALSE,Barney,independent,TRUE,3.648370090662E-06,,,
11/06/2018,Vermont,VT,FALSE,FALSE,FALSE,Siegel,independent democrat,TRUE,1.4593480362648E-05,,,
11/06/2018,Vermont,VT,FALSE,FALSE,FALSE,Sonneborn,independent democrat,TRUE,2.9186960725296E-05,,,
11/06/2018,Vermont,VT,FALSE,FALSE,FALSE,Sanders,independent,TRUE,3.648370090662E-05,,,
11/06/2018,Vermont,VT,FALSE,FALSE,FALSE,Douglas,independent republican,TRUE,6.5670661631916E-05,,,
11/06/2018,Vermont,VT,FALSE,FALSE,FALSE,Warwick,independent,TRUE,8.75608821758879E-05,,,
11/06/2018,Vermont,VT,FALSE,FALSE,FALSE,Ehlers,independent democrat,TRUE,8.75608821758879E-05,,,
11/06/2018,Vermont,VT,FALSE,FALSE,FALSE,Turner,independent republican,TRUE,0.0001094511027198600,,,
11/06/2018,Vermont,VT,FALSE,FALSE,FALSE,Rodgers,independent democrat,TRUE,0.00027727612689031200,,,
11/06/2018,Vermont,VT,FALSE,FALSE,FALSE,Stern,independent republican,TRUE,0.0012477425710064000,,,
11/06/2018,Vermont,VT,FALSE,FALSE,FALSE,Write-In,nonpartisan,TRUE,0.00213794487312793,,,
11/06/2018,Vermont,VT,FALSE,FALSE,FALSE,Peyton,liberty union,FALSE,0.006709352596727410,,,
11/06/2018,Vermont,VT,FALSE,FALSE,FALSE,Marx,earth rights,FALSE,0.006767726518178000,,,
11/06/2018,Vermont,VT,FALSE,FALSE,FALSE,Ericson,independent,FALSE,0.007767379923019390,,,
11/06/2018,Vermont,VT,FALSE,FALSE,FALSE,Laramie,independent,FALSE,0.008343822397343990,,,
11/06/2018,Vermont,VT,FALSE,FALSE,FALSE,Barlow,independent,FALSE,0.011915576716102100,,,
11/06/2018,Vermont,VT,FALSE,FALSE,FALSE,Hallquist,democratic,FALSE,0.4025429139531910,,,
11/06/2018,Vermont,VT,FALSE,FALSE,FALSE,Scott,republican,FALSE,0.5518561082836240,,,
11/06/2018,Ohio,OH,FALSE,FALSE,FALSE,Hill,independent,FALSE,0.0,,,
11/06/2018,Ohio,OH,FALSE,FALSE,FALSE,Ayers,independent,TRUE,9.25595236751459E-06,,,
11/06/2018,Ohio,OH,FALSE,FALSE,FALSE,Duncan,independent,TRUE,2.97996515246811E-05,,,
11/06/2018,Ohio,OH,FALSE,FALSE,FALSE,Turner,independent,TRUE,4.17646631217122E-05,,,
11/06/2018,Ohio,OH,FALSE,FALSE,FALSE,Gadell-Newton,green,FALSE,0.01116922544836060,,,
11/06/2018,Ohio,OH,FALSE,FALSE,FALSE,Irvine,libertarian,FALSE,0.0180570085394062,,,
11/06/2018,Ohio,OH,FALSE,FALSE,FALSE,Cordray,democratic,FALSE,0.4668266667148280,,,
11/06/2018,Ohio,OH,FALSE,FALSE,FALSE,DeWine,republican,FALSE,0.5038662790303920,,,
11/06/2018,Illinois,IL,FALSE,FALSE,FALSE,Walsh,independent,FALSE,0.0,,,
11/06/2018,Illinois,IL,FALSE,FALSE,FALSE,Walls,independent,FALSE,0.0,,,
11/06/2018,Illinois,IL,FALSE,FALSE,FALSE,Kelly,constitution,FALSE,0.0,,,
11/06/2018,Illinois,IL,FALSE,FALSE,FALSE,Tholin,independent,TRUE,6.59680358479103E-07,,,
11/06/2018,Illinois,IL,FALSE,FALSE,FALSE,Kuna-Jacob,independent republican,TRUE,8.7957381130547E-07,,,
11/06/2018,Illinois,IL,FALSE,FALSE,FALSE,Canfield,independent,TRUE,2.63872143391641E-06,,,
11/06/2018,Illinois,IL,FALSE,FALSE,FALSE,Moore,independent,TRUE,2.85861488674278E-06,,,
11/06/2018,Illinois,IL,FALSE,FALSE,FALSE,Scruggs,independent,TRUE,3.29840179239551E-06,,,
11/06/2018,Illinois,IL,FALSE,FALSE,FALSE,753,independent,TRUE,3.51829524522188E-06,,,
11/06/2018,Illinois,IL,FALSE,FALSE,FALSE,Ryan,independent,TRUE,4.39786905652735E-06,,,
11/06/2018,Illinois,IL,FALSE,FALSE,FALSE,Foster,independent,TRUE,7.03659049044376E-06,,,
11/06/2018,Illinois,IL,FALSE,FALSE,FALSE,Jackson,libertarian,FALSE,0.02408229116663810,,,
11/06/2018,Illinois,IL,FALSE,FALSE,FALSE,McCann,conservative,FALSE,0.04233542679230210,,,
11/06/2018,Illinois,IL,FALSE,FALSE,FALSE,Rauner,republican,FALSE,0.3882770842216110,,,
11/06/2018,Illinois,IL,FALSE,FALSE,FALSE,Pritzker,democratic,FALSE,0.5452799100723740,,,
11/06/2018,Alabama,AL,FALSE,FALSE,FALSE,Martin,independent,TRUE,0.0,,,
11/06/2018,Alabama,AL,FALSE,FALSE,FALSE,Hewitt,independent,TRUE,0.0,,,
11/06/2018,Alabama,AL,FALSE,FALSE,FALSE,Countryman,independent democrat,TRUE,0.0,,,
11/06/2018,Alabama,AL,FALSE,FALSE,FALSE,Johnston,independent,FALSE,0.0,,,
11/06/2018,Alabama,AL,FALSE,FALSE,FALSE,Write-In,nonpartisan,TRUE,0.0015335059714850500,,,
11/06/2018,Alabama,AL,FALSE,FALSE,FALSE,Maddox,democratic,FALSE,0.4038726695739510,,,
11/06/2018,Alabama,AL,FALSE,FALSE,FALSE,Ivey,republican,FALSE,0.5945938244545640,,,
11/06/2018,Connecticut,CT,FALSE,FALSE,FALSE,Whitnum,independent democrat,TRUE,5.26015369600434E-05,,,
11/06/2018,Connecticut,CT,FALSE,FALSE,FALSE,Greenstein,amigo constitution,TRUE,0.000891382801998574,,,
11/06/2018,Connecticut,CT,FALSE,FALSE,FALSE,Hanscomb,libertarian,FALSE,0.004326120999173300,,,
11/06/2018,Connecticut,CT,FALSE,FALSE,FALSE,Griebel,independent,FALSE,0.03891163155040190,,,
11/06/2018,Connecticut,CT,FALSE,FALSE,FALSE,Stefanowski,republican,FALSE,0.46213862210984800,,,
11/06/2018,Connecticut,CT,FALSE,FALSE,FALSE,Lamont,democratic,FALSE,0.49367964100161900,,,
11/06/2018,Kansas,KS,FALSE,FALSE,FALSE,Kloos,independent,FALSE,0.006237411966660540,,,
11/06/2018,Kansas,KS,FALSE,FALSE,FALSE,Caldwell,libertarian,FALSE,0.018966128124627000,,,
11/06/2018,Kansas,KS,FALSE,FALSE,FALSE,Orman,independent,FALSE,0.06497935704636190,,,
11/06/2018,Kansas,KS,FALSE,FALSE,FALSE,Kobach,republican,FALSE,0.4297646949598600,,,
11/06/2018,Kansas,KS,FALSE,FALSE,FALSE,Kelly,democratic,FALSE,0.4800524079024900,,,
11/06/2018,Massachusetts,MA,FALSE,FALSE,FALSE,Write-In,nonpartisan,TRUE,0.0028056374468848800,,,
11/06/2018,Massachusetts,MA,FALSE,FALSE,FALSE,Gonzalez,democratic,FALSE,0.3311766366374230,,,
11/06/2018,Massachusetts,MA,FALSE,FALSE,FALSE,Baker,republican,FALSE,0.6660177259156930,,,
11/06/2018,Maryland,MD,FALSE,FALSE,FALSE,Write-In,nonpartisan,TRUE,0.000786717534992224,,,
11/06/2018,Maryland,MD,FALSE,FALSE,FALSE,Schlakman,green,FALSE,0.004849182820484340,,,
11/06/2018,Maryland,MD,FALSE,FALSE,FALSE,Quinn,libertarian,FALSE,0.005745684986669630,,,
11/06/2018,Maryland,MD,FALSE,FALSE,FALSE,Jealous,democratic,FALSE,0.4350764934181290,,,
11/06/2018,Maryland,MD,FALSE,FALSE,FALSE,Hogan,republican,FALSE,0.5535419212397250,,,
11/06/2018,Maine,ME,FALSE,FALSE,FALSE,Caron,independent,FALSE,0.0,,,
11/06/2018,Maine,ME,FALSE,FALSE,FALSE,Marsano,green independent,FALSE,0.0,,,
11/06/2018,Maine,ME,FALSE,FALSE,FALSE,Write-In,nonpartisan,TRUE,0.00019978847791306700,,,
11/06/2018,Maine,ME,FALSE,FALSE,FALSE,Hayes,independent,FALSE,0.05909299202273150,,,
11/06/2018,Maine,ME,FALSE,FALSE,FALSE,Moody,republican,FALSE,0.4317825413411520,,,
11/06/2018,Maine,ME,FALSE,FALSE,FALSE,Mills,democratic,FALSE,0.508924678158204,,,
11/06/2018,Michigan,MI,FALSE,FALSE,FALSE,Lynch,independent,TRUE,2.35261734561243E-07,,,
11/06/2018,Michigan,MI,FALSE,FALSE,FALSE,Burney,independent,TRUE,2.35261734561243E-07,,,
11/06/2018,Michigan,MI,FALSE,FALSE,FALSE,Lester,independent,TRUE,2.35261734561243E-07,,,
11/06/2018,Michigan,MI,FALSE,FALSE,FALSE,Penny,independent,TRUE,2.35261734561243E-07,,,
11/06/2018,Michigan,MI,FALSE,FALSE,FALSE,Sanders,independent,TRUE,4.70523469122486E-07,,,
11/06/2018,Michigan,MI,FALSE,FALSE,FALSE,Cobbs,independent,TRUE,7.05785203683728E-07,,,
11/06/2018,Michigan,MI,FALSE,FALSE,FALSE,Herman,independent,TRUE,9.41046938244971E-07,,,
11/06/2018,Michigan,MI,FALSE,FALSE,FALSE,Space,independent,TRUE,1.88209387648994E-06,,,
11/06/2018,Michigan,MI,FALSE,FALSE,FALSE,Rowley,independent,TRUE,2.58787908017367E-06,,,
11/06/2018,Michigan,MI,FALSE,FALSE,FALSE,Butkovich,natural law,FALSE,0.0024001402159938000,,,
11/06/2018,Michigan,MI,FALSE,FALSE,FALSE,Kurland,green,FALSE,0.00677530269362923,,,
11/06/2018,Michigan,MI,FALSE,FALSE,FALSE,Schleiger,u.s. taxpayers,FALSE,0.006874112622144950,,,
11/06/2018,Michigan,MI,FALSE,FALSE,FALSE,Gelineau,libertarian,FALSE,0.013317225746573700,,,
11/06/2018,Michigan,MI,FALSE,FALSE,FALSE,Schuette,republican,FALSE,0.43747719431560600,,,
11/06/2018,Michigan,MI,FALSE,FALSE,FALSE,Whitmer,democratic,FALSE,0.5331484960305460,,,
11/06/2018,Oklahoma,OK,FALSE,FALSE,FALSE,Powell,libertarian,FALSE,0.03441800090189950,,,
11/06/2018,Oklahoma,OK,FALSE,FALSE,FALSE,Edmondson,democratic,FALSE,0.42226848788546700,,,
11/06/2018,Oklahoma,OK,FALSE,FALSE,FALSE,Stitt,republican,FALSE,0.5433135112126330,,,
11/06/2018,Pennsylvania,PA,FALSE,FALSE,FALSE,Glover,green,FALSE,0.005544447951175660,,,
11/06/2018,Pennsylvania,PA,FALSE,FALSE,FALSE,Krawchuk,libertarian,FALSE,0.009821086218639420,,,
11/06/2018,Pennsylvania,PA,FALSE,FALSE,FALSE,Wagner,republican,FALSE,0.4069557365844590,,,
11/06/2018,Pennsylvania,PA,FALSE,FALSE,FALSE,Wolf,democratic,FALSE,0.577678729245726,,,
11/06/2018,Rhode Island,RI,FALSE,FALSE,FALSE,Write-In,nonpartisan,TRUE,0.003310299388152530,,,
11/06/2018,Rhode Island,RI,FALSE,FALSE,FALSE,Armstrong,compassion,FALSE,0.011134401874596500,,,
11/06/2018,Rhode Island,RI,FALSE,FALSE,FALSE,Munoz,independent,FALSE,0.016532899753188800,,,
11/06/2018,Rhode Island,RI,FALSE,FALSE,FALSE,Gilbert,moderate,FALSE,0.026979205687551300,,,
11/06/2018,Rhode Island,RI,FALSE,FALSE,FALSE,Trillo,independent,FALSE,0.04392124356736570,,,
11/06/2018,Rhode Island,RI,FALSE,FALSE,FALSE,Fung,republican,FALSE,0.3717630930842370,,,
11/06/2018,Rhode Island,RI,FALSE,FALSE,FALSE,Raimondo,democratic,FALSE,0.526358856644908,,,
11/06/2018,South Dakota,SD,FALSE,FALSE,FALSE,Huether,independent,FALSE,0.0,,,
11/06/2018,South Dakota,SD,FALSE,FALSE,FALSE,LaFleur,constitution,FALSE,0.0,,,
11/06/2018,South Dakota,SD,FALSE,FALSE,FALSE,Evans,libertarian,FALSE,0.014291862953769600,,,
11/06/2018,South Dakota,SD,FALSE,FALSE,FALSE,Sutton,democratic,FALSE,0.4759650250284480,,,
11/06/2018,South Dakota,SD,FALSE,FALSE,FALSE,Noem,republican,FALSE,0.5097431120177820,,,
11/06/2018,Tennessee,TN,FALSE,FALSE,FALSE,Murphy,independent,TRUE,4.90350350867965E-06,,,
11/06/2018,Tennessee,TN,FALSE,FALSE,FALSE,Helmstetter,independent,FALSE,0.00022110343093682800,,,
11/06/2018,Tennessee,TN,FALSE,FALSE,FALSE,Weidner,independent,FALSE,0.00026211455119123900,,,
11/06/2018,Tennessee,TN,FALSE,FALSE,FALSE,McAnally,independent,FALSE,0.000271475785162355,,,
11/06/2018,Tennessee,TN,FALSE,FALSE,FALSE,Stephenson,independent,FALSE,0.0002732588773473290,,,
11/06/2018,Tennessee,TN,FALSE,FALSE,FALSE,Koch,independent,FALSE,0.00029064402615083,,,
11/06/2018,Tennessee,TN,FALSE,FALSE,FALSE,Toews,independent,FALSE,0.0003236312315728570,,,
11/06/2018,Tennessee,TN,FALSE,FALSE,FALSE,Mitchell,independent,FALSE,0.00032942628117402400,,,
11/06/2018,Tennessee,TN,FALSE,FALSE,FALSE,McDonald,independent,FALSE,0.0003365586499139210,,,
11/06/2018,Tennessee,TN,FALSE,FALSE,FALSE,Rapoza,independent,FALSE,0.00035661843699488300,,,
11/06/2018,Tennessee,TN,FALSE,FALSE,FALSE,Fleming,independent,FALSE,0.0003628592596422940,,,
11/06/2018,Tennessee,TN,FALSE,FALSE,FALSE,Fancher,independent,FALSE,0.0003873767771856920,,,
11/06/2018,Tennessee,TN,FALSE,FALSE,FALSE,Tyler,independent,FALSE,0.00043730335836497600,,,
11/06/2018,Tennessee,TN,FALSE,FALSE,FALSE,Vineyard,independent,FALSE,0.0004511223227985280,,,
11/06/2018,Tennessee,TN,FALSE,FALSE,FALSE,Sawyers,independent,FALSE,0.0004720736559719770,,,
11/06/2018,Tennessee,TN,FALSE,FALSE,FALSE,Riden,independent,FALSE,0.0004885672586829900,,,
11/06/2018,Tennessee,TN,FALSE,FALSE,FALSE,Cornett,independent,FALSE,0.0005425057972784660,,,
11/06/2018,Tennessee,TN,FALSE,FALSE,FALSE,Tisdale,independent,FALSE,0.0006222991725560720,,,
11/06/2018,Tennessee,TN,FALSE,FALSE,FALSE,King,independent,FALSE,0.0006695511154578940,,,
11/06/2018,Tennessee,TN,FALSE,FALSE,FALSE,Smith,independent,FALSE,0.0006909482216775870,,,
11/06/2018,Tennessee,TN,FALSE,FALSE,FALSE,Wilmoth,independent,FALSE,0.0010894693250193700,,,
11/06/2018,Tennessee,TN,FALSE,FALSE,FALSE,Brown,independent,FALSE,0.0012664412243780800,,,
11/06/2018,Tennessee,TN,FALSE,FALSE,FALSE,Scott,independent,FALSE,0.0013235001742972600,,,
11/06/2018,Tennessee,TN,FALSE,FALSE,FALSE,Neubert,independent,FALSE,0.0013685232519678700,,,
11/06/2018,Tennessee,TN,FALSE,FALSE,FALSE,Whitlock,independent,FALSE,0.0016186019309105300,,,
11/06/2018,Tennessee,TN,FALSE,FALSE,FALSE,Wright,independent,FALSE,0.0020893382677437700,,,
11/06/2018,Tennessee,TN,FALSE,FALSE,FALSE,Clark,independent,FALSE,0.002317128294374260,,,
11/06/2018,Tennessee,TN,FALSE,FALSE,FALSE,Dean,democratic,FALSE,0.3855326140933820,,,
11/06/2018,Tennessee,TN,FALSE,FALSE,FALSE,Lee,republican,FALSE,0.5956000417243570,,,
11/06/2018,Texas,TX,FALSE,FALSE,FALSE,Tippetts,libertarian,FALSE,0.01685539171298950,,,
11/06/2018,Texas,TX,FALSE,FALSE,FALSE,Valdez,democratic,FALSE,0.42507811223735800,,,
11/06/2018,Texas,TX,FALSE,FALSE,FALSE,Abbott,republican,FALSE,0.5580664960496520,,,
11/06/2018,Arkansas,AR,FALSE,FALSE,FALSE,West,libertarian,FALSE,0.029035040588485400,,,
11/06/2018,Arkansas,AR,FALSE,FALSE,FALSE,Henderson,democratic,FALSE,0.317683837179434,,,
11/06/2018,Arkansas,AR,FALSE,FALSE,FALSE,Hutchinson,republican,FALSE,0.6532811222320810,,,
11/06/2018,Arizona,AZ,FALSE,FALSE,FALSE,Hess,libertarian,TRUE,0.0,,,
11/06/2018,Arizona,AZ,FALSE,FALSE,FALSE,Gibson,humanitarian,TRUE,2.94558122839995E-06,,,
11/06/2018,Arizona,AZ,FALSE,FALSE,FALSE,Arvizu,republican takeover,TRUE,5.0495678201142E-06,,,
11/06/2018,Arizona,AZ,FALSE,FALSE,FALSE,Dolego,independent,TRUE,5.47036513845705E-06,,,
11/06/2018,Arizona,AZ,FALSE,FALSE,FALSE,Komor,no party affiliation,TRUE,2.77726230106281E-05,,,
11/06/2018,Arizona,AZ,FALSE,FALSE,FALSE,Masoya,no party affiliation,TRUE,7.44811253466844E-05,,,
11/06/2018,Arizona,AZ,FALSE,FALSE,FALSE,Torres,green,FALSE,0.021444672937388300,,,
11/06/2018,Arizona,AZ,FALSE,FALSE,FALSE,Garcia,democratic,FALSE,0.41841602631834700,,,
11/06/2018,Arizona,AZ,FALSE,FALSE,FALSE,Ducey,republican,FALSE,0.5600235814817200,,,
11/06/2018,Colorado,CO,FALSE,FALSE,FALSE,Cunningham,independent,TRUE,0.0,,,
11/06/2018,Colorado,CO,FALSE,FALSE,FALSE,Bellamy,green,FALSE,0.0,,,
11/06/2018,Colorado,CO,FALSE,FALSE,FALSE,Fiorino,unaffiliated,FALSE,0.0,,,
11/06/2018,Colorado,CO,FALSE,FALSE,FALSE,Willmon,unaffiliated,FALSE,0.0,,,
11/06/2018,Colorado,CO,FALSE,FALSE,FALSE,Hammons,unity,FALSE,0.010238956508790700,,,
11/06/2018,Colorado,CO,FALSE,FALSE,FALSE,Helker,libertarian,FALSE,0.02753160120424770,,,
11/06/2018,Colorado,CO,FALSE,FALSE,FALSE,Stapleton,republican,FALSE,0.4280294899689590,,,
11/06/2018,Colorado,CO,FALSE,FALSE,FALSE,Polis,democratic,FALSE,0.5341999523180020,,,
11/06/2018,Minnesota,MN,FALSE,FALSE,FALSE,Henderson,socialist workers,TRUE,0.0,,,
11/06/2018,Minnesota,MN,FALSE,FALSE,FALSE,Wharton,independent republican,TRUE,0.0,,,
11/06/2018,Minnesota,MN,FALSE,FALSE,FALSE,Gilbertsen,independent,TRUE,3.8650524661547E-07,,,
11/06/2018,Minnesota,MN,FALSE,FALSE,FALSE,Long,independent,TRUE,3.8650524661547E-07,,,
11/06/2018,Minnesota,MN,FALSE,FALSE,FALSE,Savior,independent,TRUE,7.7301049323094E-07,,,
11/06/2018,Minnesota,MN,FALSE,FALSE,FALSE,Ferche,independent,TRUE,7.7301049323094E-07,,,
11/06/2018,Minnesota,MN,FALSE,FALSE,FALSE,Liend,independent,TRUE,1.15951573984641E-06,,,
11/06/2018,Minnesota,MN,FALSE,FALSE,FALSE,Write-In,nonpartisan,TRUE,0.00041549314011163000,,,
11/06/2018,Minnesota,MN,FALSE,FALSE,FALSE,Welter,libertarian,FALSE,0.010333217768264600,,,
11/06/2018,Minnesota,MN,FALSE,FALSE,FALSE,Wright,grassroots,FALSE,0.02654015576934450,,,
11/06/2018,Minnesota,MN,FALSE,FALSE,FALSE,Johnson,republican,FALSE,0.4242687417360350,,,
11/06/2018,Minnesota,MN,FALSE,FALSE,FALSE,Walz,democratic,FALSE,0.538438913039025,,,
11/06/2018,Nebraska,NE,FALSE,FALSE,FALSE,Krist,democratic,FALSE,0.40999540102094500,,,
11/06/2018,Nebraska,NE,FALSE,FALSE,FALSE,Ricketts,republican,FALSE,0.5900045989790550,,,
11/06/2018,New Mexico,NM,FALSE,FALSE,FALSE,Walsh,libertarian,FALSE,0.0,,,
11/06/2018,New Mexico,NM,FALSE,FALSE,FALSE,Pearce,republican,FALSE,0.4280094018456220,,,
11/06/2018,New Mexico,NM,FALSE,FALSE,FALSE,Lujan Grisham,democratic,FALSE,0.571990598154378,,,
11/06/2018,Wisconsin,WI,FALSE,FALSE,FALSE,Hoffman,independent,TRUE,3.74068382692903E-07,,,
11/06/2018,Wisconsin,WI,FALSE,FALSE,FALSE,Boucher,independent democrat,TRUE,3.74068382692903E-07,,,
11/06/2018,Wisconsin,WI,FALSE,FALSE,FALSE,Gehler,independent democrat,TRUE,3.74068382692903E-07,,,
11/06/2018,Wisconsin,WI,FALSE,FALSE,FALSE,Turtenwald,independent,TRUE,7.48136765385807E-07,,,
11/06/2018,Wisconsin,WI,FALSE,FALSE,FALSE,Grimek,constitution,TRUE,7.48136765385807E-07,,,
11/06/2018,Wisconsin,WI,FALSE,FALSE,FALSE,Davis,independent democrat,TRUE,1.12220514807871E-06,,,
11/06/2018,Wisconsin,WI,FALSE,FALSE,FALSE,Cason,independent republican,TRUE,1.49627353077161E-06,,,
11/06/2018,Wisconsin,WI,FALSE,FALSE,FALSE,Write-In,nonpartisan,TRUE,0.0003613500576813450,,,
11/06/2018,Wisconsin,WI,FALSE,FALSE,FALSE,Enz,wisconsin party,FALSE,0.0010268177104920200,,,
11/06/2018,Wisconsin,WI,FALSE,FALSE,FALSE,White,wisconsin greens,FALSE,0.0041472961589162200,,,
11/06/2018,Wisconsin,WI,FALSE,FALSE,FALSE,Turnbull,independent,FALSE,0.007063907338772790,,,
11/06/2018,Wisconsin,WI,FALSE,FALSE,FALSE,Anderson,libertarian,FALSE,0.00756553303996397,,,
11/06/2018,Wisconsin,WI,FALSE,FALSE,FALSE,Walker,republican,FALSE,0.48444848105792500,,,
11/06/2018,Wisconsin,WI,FALSE,FALSE,FALSE,Evers,democratic,FALSE,0.49538137767889100,,,
11/06/2018,Wyoming,WY,FALSE,FALSE,FALSE,Write-In,nonpartisan,TRUE,0.005412373670278200,,,
11/06/2018,Wyoming,WY,FALSE,FALSE,FALSE,Struempf,libertarian,FALSE,0.014810222497761200,,,
11/06/2018,Wyoming,WY,FALSE,FALSE,FALSE,Rammell,constitution,FALSE,0.03321721331640740,,,
11/06/2018,Wyoming,WY,FALSE,FALSE,FALSE,Throne,democratic,FALSE,0.27536681132465400,,,
11/06/2018,Wyoming,WY,FALSE,FALSE,FALSE,Gordon,republican,FALSE,0.6711933791908990,,,
11/06/2018,New York,NY,FALSE,FALSE,FALSE,Giambra,independent,FALSE,0.0,,,
11/06/2018,New York,NY,FALSE,FALSE,FALSE,Sloan,independent,FALSE,0.0,,,
11/06/2018,New York,NY,FALSE,FALSE,FALSE,Nixon,working families,FALSE,0.0,,,
11/06/2018,New York,NY,FALSE,FALSE,FALSE,Write-In,nonpartisan,TRUE,0.0011655380141492900,,,
11/06/2018,New York,NY,FALSE,FALSE,FALSE,Miner,serve america movement,FALSE,0.00908202291531281,,,
11/06/2018,New York,NY,FALSE,FALSE,FALSE,Sharpe,libertarian,FALSE,0.015567754616816500,,,
11/06/2018,New York,NY,FALSE,FALSE,FALSE,Hawkins,green,FALSE,0.017027830557802100,,,
11/06/2018,New York,NY,FALSE,FALSE,FALSE,Molinaro,republican,FALSE,0.3616365496995070,,,
11/06/2018,New York,NY,FALSE,FALSE,FALSE,Cuomo,democratic,FALSE,0.5955203041964120,,,
11/06/2018,Idaho,ID,FALSE,FALSE,FALSE,Marie,independent,TRUE,8.42792717609906E-05,,,
11/06/2018,Idaho,ID,FALSE,FALSE,FALSE,Bayes,constitution,FALSE,0.009563218542761820,,,
11/06/2018,Idaho,ID,FALSE,FALSE,FALSE,Boeck,libertarian,FALSE,0.010825755084436300,,,
11/06/2018,Idaho,ID,FALSE,FALSE,FALSE,Jordan,democratic,FALSE,0.3818693803490480,,,
11/06/2018,Idaho,ID,FALSE,FALSE,FALSE,Little,republican,FALSE,0.5976573667519930,,,
11/06/2018,Iowa,IA,FALSE,FALSE,FALSE,Roske,independent,FALSE,0.0,,,
11/06/2018,Iowa,IA,FALSE,FALSE,FALSE,Write-In,nonpartisan,TRUE,0.00036757007557783100,,,
11/06/2018,Iowa,IA,FALSE,FALSE,FALSE,Siegwarth,clean water,FALSE,0.005621261217289650,,,
11/06/2018,Iowa,IA,FALSE,FALSE,FALSE,Porter,libertarian,FALSE,0.01613843532649710,,,
11/06/2018,Iowa,IA,FALSE,FALSE,FALSE,Hubbell,democratic,FALSE,0.4752696141568710,,,
11/06/2018,Iowa,IA,FALSE,FALSE,FALSE,Reynolds,republican,FALSE,0.5026031192237640,,,
11/06/2018,Nevada,NV,FALSE,FALSE,FALSE,Lord,libertarian,FALSE,0.00889072740350628,,,
11/06/2018,Nevada,NV,FALSE,FALSE,FALSE,Best,independent american,FALSE,0.010368399226589000,,,
11/06/2018,Nevada,NV,FALSE,FALSE,FALSE,Bundy,independent,FALSE,0.014294108143762200,,,
11/06/2018,Nevada,NV,FALSE,FALSE,FALSE,None,independent,FALSE,0.019412450517030800,,,
11/06/2018,Nevada,NV,FALSE,FALSE,FALSE,Laxalt,republican,FALSE,0.45309781137869000,,,
11/06/2018,Nevada,NV,FALSE,FALSE,FALSE,Sisolak,democratic,FALSE,0.4939365033304210,,,
11/06/2018,California,CA,FALSE,FALSE,FALSE,Cox,republican,FALSE,0.38051472874187600,,,
11/06/2018,California,CA,FALSE,FALSE,FALSE,Newsom,democratic,FALSE,0.6194852712581240,,,
11/06/2018,Oregon,OR,FALSE,FALSE,FALSE,Write-In,nonpartisan,TRUE,0.0016250695635825900,,,
11/06/2018,Oregon,OR,FALSE,FALSE,FALSE,Henry,progressive,FALSE,0.005898777555614710,,,
11/06/2018,Oregon,OR,FALSE,FALSE,FALSE,Auer,constitution,FALSE,0.011325674331560300,,,
11/06/2018,Oregon,OR,FALSE,FALSE,FALSE,Chen,libertarian,FALSE,0.01549386528205460,,,
11/06/2018,Oregon,OR,FALSE,FALSE,FALSE,Starnes,independent party of oregon,FALSE,0.02859779635425230,,,
11/06/2018,Oregon,OR,FALSE,FALSE,FALSE,Buehler,republican,FALSE,0.4365234652224940,,,
11/06/2018,Oregon,OR,FALSE,FALSE,FALSE,Brown,democratic,FALSE,0.5005353516904420,,,
11/06/2018,Alaska,AK,FALSE,FALSE,FALSE,Momin,no party affiliation,TRUE,0.0,,,
11/06/2018,Alaska,AK,FALSE,FALSE,FALSE,Write-In,nonpartisan,TRUE,0.002136797417477240,,,
11/06/2018,Alaska,AK,FALSE,FALSE,FALSE,Toien,libertarian,FALSE,0.019079305205309100,,,
11/06/2018,Alaska,AK,FALSE,FALSE,FALSE,Walker,independent,FALSE,0.02033312848333300,,,
11/06/2018,Alaska,AK,FALSE,FALSE,FALSE,Begich,democratic,FALSE,0.4440971412829260,,,
11/06/2018,Alaska,AK,FALSE,FALSE,FALSE,Dunleavy,republican,FALSE,0.5143536276109550,,,
11/06/2018,Hawaii,HI,FALSE,FALSE,FALSE,Teruya,nonpartisan,FALSE,0.010405712779811800,,,
11/06/2018,Hawaii,HI,FALSE,FALSE,FALSE,Brewer,green,FALSE,0.025900425490542200,,,
11/06/2018,Hawaii,HI,FALSE,FALSE,FALSE,Tupola,republican,FALSE,0.3370125600304980,,,
11/06/2018,Hawaii,HI,FALSE,FALSE,FALSE,Ige,democratic,FALSE,0.6266813016991480,,,
11/06/2018,Georgia,GA,FALSE,FALSE,FALSE,Fruit,socialist workers,TRUE,0.0,,,
11/06/2018,Georgia,GA,FALSE,FALSE,FALSE,Byrne,independent,TRUE,3.0461422005179E-06,,,
11/06/2018,Georgia,GA,FALSE,FALSE,FALSE,Waldrep,independent,TRUE,5.33074885090632E-06,,,
11/06/2018,Georgia,GA,FALSE,FALSE,FALSE,Williams,independent,TRUE,6.09228440103579E-06,,,
11/06/2018,Georgia,GA,FALSE,FALSE,FALSE,Mack,independent,TRUE,6.09228440103579E-06,,,
11/06/2018,Georgia,GA,FALSE,FALSE,FALSE,Metz,libertarian,FALSE,0.00945192540302365,,,
11/06/2018,Georgia,GA,FALSE,FALSE,FALSE,Abrams,democratic,FALSE,0.4883181715836060,,,
11/06/2018,Georgia,GA,FALSE,FALSE,FALSE,Kemp,republican,FALSE,0.5022093415535170,,,
11/06/2018,New Hampshire,NH,FALSE,FALSE,FALSE,Write-In,nonpartisan,TRUE,0.0004916300849718100,,,
11/06/2018,New Hampshire,NH,FALSE,FALSE,FALSE,Jarvis,libertarian,FALSE,0.014290396476999700,,,
11/06/2018,New Hampshire,NH,FALSE,FALSE,FALSE,Kelly,democratic,FALSE,0.45738857256425200,,,
11/06/2018,New Hampshire,NH,FALSE,FALSE,FALSE,Sununu,republican,FALSE,0.5278294008737770,,,
11/06/2018,National Popular Vote,NPV,FALSE,FALSE,FALSE,Republican,republican,FALSE,0.4828,,,
11/06/2018,National Popular Vote,NPV,FALSE,FALSE,FALSE,Democratic,democrat,FALSE,0.5139,,,
11/05/2019,Kentucky,KY,FALSE,FALSE,FALSE,Husk,socialist workers,TRUE,0.0,,,
11/05/2019,Kentucky,KY,FALSE,FALSE,FALSE,Whyte,independent,TRUE,3.18753148553519E-05,,,
11/05/2019,Kentucky,KY,FALSE,FALSE,FALSE,Hicks,libertarian,FALSE,0.019702409288743900,,,
11/05/2019,Kentucky,KY,FALSE,FALSE,FALSE,Bevin,republican,FALSE,0.48835338359931900,,,
11/05/2019,Kentucky,KY,FALSE,FALSE,FALSE,Beshear,democratic,FALSE,0.49191233179708200,,,
11/05/2019,Mississippi,MS,FALSE,FALSE,FALSE,Hickingbottom,constitution,FALSE,0.0029664000108485500,,,
11/05/2019,Mississippi,MS,FALSE,FALSE,FALSE,Singletary,independent,FALSE,0.009630347006648130,,,
11/05/2019,Mississippi,MS,FALSE,FALSE,FALSE,Hood,democratic,FALSE,0.4682595198839210,,,
11/05/2019,Mississippi,MS,FALSE,FALSE,FALSE,Reeves,republican,FALSE,0.5191437330985830,,,
11/05/2019,Louisiana,LA,FALSE,FALSE,FALSE,Rispone,republican,FALSE,0.4866740368402630,,,
11/05/2019,Louisiana,LA,FALSE,FALSE,FALSE,Edwards,democratic,FALSE,0.5133259631597370,,,
11/05/2019,National Popular Vote,NPV,FALSE,FALSE,FALSE,Republican,republican,FALSE,0.4948,,,
11/05/2019,National Popular Vote,NPV,FALSE,FALSE,FALSE,Democratic,democrat,FALSE,0.4949,,,
11/03/2020,Indiana,IN,FALSE,FALSE,FALSE,Rainwater,libertarian,FALSE,0.1144111370163160,,,
11/03/2020,Indiana,IN,FALSE,FALSE,FALSE,Myers,democratic,FALSE,0.32052096169597900,,,
11/03/2020,Indiana,IN,FALSE,FALSE,FALSE,Holcomb,republican,FALSE,0.5650679012877040,,,
11/03/2020,Vermont,VT,FALSE,FALSE,FALSE,Dickerson,unaffiliated,FALSE,0.002859025505154240,,,
11/03/2020,Vermont,VT,FALSE,FALSE,FALSE,DeVost,independent,FALSE,0.003198138462853350,,,
11/03/2020,Vermont,VT,FALSE,FALSE,FALSE,Billado,independent,FALSE,0.003945289776157880,,,
11/03/2020,Vermont,VT,FALSE,FALSE,FALSE,Write-In,nonpartisan,TRUE,0.004408468450088360,,,
11/03/2020,Vermont,VT,FALSE,FALSE,FALSE,Whitney,independent,FALSE,0.004899217283181380,,,
11/03/2020,Vermont,VT,FALSE,FALSE,FALSE,Peyton,independent,FALSE,0.00966334078646636,,,
11/03/2020,Vermont,VT,FALSE,FALSE,FALSE,Hoyt,independent,FALSE,0.012616104832773200,,,
11/03/2020,Vermont,VT,FALSE,FALSE,FALSE,Zuckerman,democratic,FALSE,0.2735345771151140,,,
11/03/2020,Vermont,VT,FALSE,FALSE,FALSE,Scott,republican,FALSE,0.6848758377882120,,,
11/03/2020,North Carolina,NC,FALSE,FALSE,FALSE,Pisano,constitution,FALSE,0.003804261012212560,,,
11/03/2020,North Carolina,NC,FALSE,FALSE,FALSE,DiFiore,libertarian,FALSE,0.010985180755098700,,,
11/03/2020,North Carolina,NC,FALSE,FALSE,FALSE,Forest,republican,FALSE,0.4700543016735010,,,
11/03/2020,North Carolina,NC,FALSE,FALSE,FALSE,Cooper,democratic,FALSE,0.5151562565591880,,,
11/03/2020,West Virginia,WV,FALSE,FALSE,FALSE,Lutz,mountain,FALSE,0.014426143350630900,,,
11/03/2020,West Virginia,WV,FALSE,FALSE,FALSE,Wilson,independent,TRUE,0.019287584000489800,,,
11/03/2020,West Virginia,WV,FALSE,FALSE,FALSE,Kolenich,libertarian,FALSE,0.028736204019777400,,,
11/03/2020,West Virginia,WV,FALSE,FALSE,FALSE,Salango,democratic,FALSE,0.30235584061720300,,,
11/03/2020,West Virginia,WV,FALSE,FALSE,FALSE,Justice,republican,FALSE,0.6351942280118990,,,
11/03/2020,Delaware,DE,FALSE,FALSE,FALSE,Machurek,libertarian,FALSE,0.006637774417164840,,,
11/03/2020,Delaware,DE,FALSE,FALSE,FALSE,DeMatteis,independent party of delaware,FALSE,0.012483887665310000,,,
11/03/2020,Delaware,DE,FALSE,FALSE,FALSE,Murray,republican,FALSE,0.3863144112781270,,,
11/03/2020,Delaware,DE,FALSE,FALSE,FALSE,Carney,democratic,FALSE,0.5945639266393980,,,
11/03/2020,Missouri,MO,FALSE,FALSE,FALSE,Lindstedt,independent,TRUE,1.32789471919508E-06,,,
11/03/2020,Missouri,MO,FALSE,FALSE,FALSE,Dienoff,independent,TRUE,1.32789471919508E-06,,,
11/03/2020,Missouri,MO,FALSE,FALSE,FALSE,Brown,independent,TRUE,1.65986839899385E-06,,,
11/03/2020,Missouri,MO,FALSE,FALSE,FALSE,Bauer,green,FALSE,0.005721234397652020,,,
11/03/2020,Missouri,MO,FALSE,FALSE,FALSE,Combs,libertarian,FALSE,0.01628895254668630,,,
11/03/2020,Missouri,MO,FALSE,FALSE,FALSE,Galloway,democratic,FALSE,0.4069237094606190,,,
11/03/2020,Missouri,MO,FALSE,FALSE,FALSE,Parson,republican,FALSE,0.5710617879372050,,,
11/03/2020,New Hampshire,NH,FALSE,FALSE,FALSE,Write-In,nonpartisan,TRUE,0.0008610039583490910,,,
11/03/2020,New Hampshire,NH,FALSE,FALSE,FALSE,Perry,libertarian,FALSE,0.014281572246174000,,,
11/03/2020,New Hampshire,NH,FALSE,FALSE,FALSE,Feltes,democratic,FALSE,0.3336094092731260,,,
11/03/2020,New Hampshire,NH,FALSE,FALSE,FALSE,Sununu,republican,FALSE,0.6512480145223510,,,
11/03/2020,North Dakota,ND,FALSE,FALSE,FALSE,Coachman,independent republican,TRUE,0.0,,,
11/03/2020,North Dakota,ND,FALSE,FALSE,FALSE,Hendrickson,libertarian,FALSE,0.03873242390097830,,,
11/03/2020,North Dakota,ND,FALSE,FALSE,FALSE,Write-In,nonpartisan,TRUE,0.04903553384648510,,,
11/03/2020,North Dakota,ND,FALSE,FALSE,FALSE,Lenz,democratic,FALSE,0.2538423470400580,,,
11/03/2020,North Dakota,ND,FALSE,FALSE,FALSE,Burgum,republican,FALSE,0.6583896952124790,,,
11/03/2020,Utah,UT,FALSE,FALSE,FALSE,Huntsman,independent,TRUE,0.0,,,
11/03/2020,Utah,UT,FALSE,FALSE,FALSE,Batty,unaffiliated,TRUE,8.22549932208176E-06,,,
11/03/2020,Utah,UT,FALSE,FALSE,FALSE,Whitney,unaffiliated,TRUE,0.00015765540367323400,,,
11/03/2020,Utah,UT,FALSE,FALSE,FALSE,Conlin,unaffiliated,TRUE,0.0006422744053992180,,,
11/03/2020,Utah,UT,FALSE,FALSE,FALSE,Kazantzis,unaffiliated,TRUE,0.01301548176064070,,,
11/03/2020,Utah,UT,FALSE,FALSE,FALSE,Duerden,independent american,FALSE,0.017691678125244200,,,
11/03/2020,Utah,UT,FALSE,FALSE,FALSE,Cottam,libertarian,FALSE,0.03522775722164570,,,
11/03/2020,Utah,UT,FALSE,FALSE,FALSE,Peterson,democratic,FALSE,0.30348939390408200,,,
11/03/2020,Utah,UT,FALSE,FALSE,FALSE,Cox,republican,FALSE,0.6297675336799920,,,
11/03/2020,Montana,MT,FALSE,FALSE,FALSE,Barb,green,FALSE,0.0,,,
11/03/2020,Montana,MT,FALSE,FALSE,FALSE,Hall,independent,TRUE,3.47907913745345E-05,,,
11/03/2020,Montana,MT,FALSE,FALSE,FALSE,Bishop,libertarian,FALSE,0.040057454506898500,,,
11/03/2020,Montana,MT,FALSE,FALSE,FALSE,Cooney,democratic,FALSE,0.4156008535340820,,,
11/03/2020,Montana,MT,FALSE,FALSE,FALSE,Gianforte,republican,FALSE,0.5443069011676450,,,
11/03/2020,Washington,WA,FALSE,FALSE,FALSE,Write-In,nonpartisan,TRUE,0.003240514991665130,,,
11/03/2020,Washington,WA,FALSE,FALSE,FALSE,Culp,republican,FALSE,0.4311810265813440,,,
11/03/2020,Washington,WA,FALSE,FALSE,FALSE,Inslee,democratic,FALSE,0.5655784584269910,,,
11/03/2020,National Popular Vote,NPV,FALSE,FALSE,FALSE,Republican,republican,FALSE,0.5241,,,
11/03/2020,National Popular Vote,NPV,FALSE,FALSE,FALSE,Democratic,democrat,FALSE,0.4409,,,
11/02/2021,California,CA,TRUE,FALSE,FALSE,Newsom,democrat,FALSE,0.6161756012,,,
11/02/2021,California,CA,TRUE,FALSE,FALSE,Recall,independent,FALSE,0.3796349341,,,
11/02/2021,New Jersey,NJ,FALSE,FALSE,FALSE,Murphy,democratic,FALSE,0.5122483351,,,
11/02/2021,New Jersey,NJ,FALSE,FALSE,FALSE,Ciattarelli,republican,FALSE,0.48001519,,,
11/02/2021,Virginia,VA,FALSE,FALSE,FALSE,Youngkin,republican,FALSE,0.5057399002,,,
11/02/2021,Virginia,VA,FALSE,FALSE,FALSE,McAuliffe,democratic,FALSE,0.4864417239,,,
11/02/2021,National Popular Vote,NPV,FALSE,FALSE,FALSE,Republican,republican,FALSE,0.4943,,,
11/02/2021,National Popular Vote,NPV,FALSE,FALSE,FALSE,Democratic,democrat,FALSE,0.4979,,,
11/08/2022,Alaska,AK,FALSE,FALSE,FALSE,Dunleavy,republican,FALSE,0.502866329,,,
11/08/2022,Alaska,AK,FALSE,FALSE,FALSE,Gara,democratic,FALSE,0.2420872638,,,
11/08/2022,Alaska,AK,FALSE,FALSE,FALSE,Walker,independent,FALSE,0.2072704662,,,
11/08/2022,Alaska,AK,FALSE,FALSE,FALSE,Pierce,republican,FALSE,0.04480345173,,,
11/08/2022,Alabama,AL,FALSE,FALSE,FALSE,Ivey,republican,FALSE,0.6690760788,,,
11/08/2022,Alabama,AL,FALSE,FALSE,FALSE,Flowers,democratic,FALSE,0.2917868723,,,
11/08/2022,Alabama,AL,FALSE,FALSE,FALSE,Blake,libertarian,FALSE,0.03247265741,,,
11/08/2022,Arkansas,AR,FALSE,FALSE,FALSE,Sanders,republican,FALSE,0.6296380412,,,
11/08/2022,Arkansas,AR,FALSE,FALSE,FALSE,Jones,democratic,FALSE,0.3519613864,,,
11/08/2022,Arkansas,AR,FALSE,FALSE,FALSE,Harrington,libertarian,FALSE,0.01840057241,,,
11/08/2022,Arizona,AZ,FALSE,FALSE,FALSE,Hobbs,democratic,FALSE,0.5031836483,,,
11/08/2022,Arizona,AZ,FALSE,FALSE,FALSE,Lake,republican,FALSE,0.4964959748,,,
11/08/2022,California,CA,FALSE,FALSE,FALSE,Newsom,democratic,FALSE,0.5917948731,,,
11/08/2022,California,CA,FALSE,FALSE,FALSE,Dahle,republican,FALSE,0.4082051269,,,
11/08/2022,Colorado,CO,FALSE,FALSE,FALSE,Polis,democratic,FALSE,0.585325032,,,
11/08/2022,Colorado,CO,FALSE,FALSE,FALSE,Moore,republican,FALSE,0.3918320492,,,
11/08/2022,Colorado,CO,FALSE,FALSE,FALSE,Ruskusky,libertarian,FALSE,0.01153485888,,,
11/08/2022,Connecticut,CT,FALSE,FALSE,FALSE,Lamont,democratic,FALSE,0.5596894301,,,
11/08/2022,Connecticut,CT,FALSE,FALSE,FALSE,Stefanowski,republican,FALSE,0.4304610397,,,
11/08/2022,Florida,FL,FALSE,FALSE,FALSE,DeSantis,republican,FALSE,0.5937425166,,,
11/08/2022,Florida,FL,FALSE,FALSE,FALSE,Crist,democratic,FALSE,0.3997109143,,,
11/08/2022,Georgia,GA,FALSE,FALSE,FALSE,Kemp,republican,FALSE,0.5341143641,,,
11/08/2022,Georgia,GA,FALSE,FALSE,FALSE,Abrams,democratic,FALSE,0.4587619087,,,
11/08/2022,Hawaii,HI,FALSE,FALSE,FALSE,Green,democratic,FALSE,0.6321179884,,,
11/08/2022,Hawaii,HI,FALSE,FALSE,FALSE,Aiona,republican,FALSE,0.3678820116,,,
11/08/2022,Idaho,ID,FALSE,FALSE,FALSE,Little,republican,FALSE,0.6051704731,,,
11/08/2022,Idaho,ID,FALSE,FALSE,FALSE,Heidt,democratic,FALSE,0.2027821796,,,
11/08/2022,Idaho,ID,FALSE,FALSE,FALSE,Bundy,independent,FALSE,0.1718568847,,,
11/08/2022,Idaho,ID,FALSE,FALSE,FALSE,Sand,libertarian,FALSE,0.01133055554,,,
11/08/2022,Illinois,IL,FALSE,FALSE,FALSE,Pritzker,democratic,FALSE,0.549073779,,,
11/08/2022,Illinois,IL,FALSE,FALSE,FALSE,Bailey,republican,FALSE,0.423690432,,,
11/08/2022,Illinois,IL,FALSE,FALSE,FALSE,Schluter,libertarian,FALSE,0.02721605521,,,
11/08/2022,Iowa,IA,FALSE,FALSE,FALSE,Reynolds,republican,FALSE,0.5804230258,,,
11/08/2022,Iowa,IA,FALSE,FALSE,FALSE,DeJear,democratic,FALSE,0.3952567553,,,
11/08/2022,Iowa,IA,FALSE,FALSE,FALSE,Stewart,libertarian,FALSE,0.02373259217,,,
11/08/2022,Kansas,KS,FALSE,FALSE,FALSE,Kelly,democratic,FALSE,0.4953914676,,,
11/08/2022,Kansas,KS,FALSE,FALSE,FALSE,Schmidt,republican,FALSE,0.473331959,,,
11/08/2022,Kansas,KS,FALSE,FALSE,FALSE,Pyle,independent,FALSE,0.02026961401,,,
11/08/2022,Kansas,KS,FALSE,FALSE,FALSE,Cordell,libertarian,FALSE,0.01100695938,,,
11/08/2022,Maine,ME,FALSE,FALSE,FALSE,Mills,democratic,FALSE,0.5569199446,,,
11/08/2022,Maine,ME,FALSE,FALSE,FALSE,LePage,republican,FALSE,0.4244916292,,,
11/08/2022,Maine,ME,FALSE,FALSE,FALSE,Hunkler,independent,FALSE,0.01858842615,,,
11/08/2022,Maryland,MD,FALSE,FALSE,FALSE,Moore,democratic,FALSE,0.6452868334,,,
11/08/2022,Maryland,MD,FALSE,FALSE,FALSE,Cox,republican,FALSE,0.3211612873,,,
11/08/2022,Maryland,MD,FALSE,FALSE,FALSE,Lashar,libertarian,FALSE,0.015011298,,,
11/08/2022,Massachusetts,MA,FALSE,FALSE,FALSE,Healey,democratic,FALSE,0.6373825527,,,
11/08/2022,Massachusetts,MA,FALSE,FALSE,FALSE,Diehl,republican,FALSE,0.3457013367,,,
11/08/2022,Massachusetts,MA,FALSE,FALSE,FALSE,Reed,libertarian,FALSE,0.01578729711,,,
11/08/2022,Michigan,MI,FALSE,FALSE,FALSE,Whitmer,democratic,FALSE,0.5447154308,,,
11/08/2022,Michigan,MI,FALSE,FALSE,FALSE,Dixon,republican,FALSE,0.4394099739,,,
11/08/2022,Minnesota,MI,FALSE,FALSE,FALSE,Walz,democratic,FALSE,0.5227105531,,,
11/08/2022,Minnesota,MI,FALSE,FALSE,FALSE,Jensen,republican,FALSE,0.4460741613,,,
11/08/2022,Minnesota,MI,FALSE,FALSE,FALSE,McCaskel,legal marijuana now,FALSE,0.01168855532,,,
11/08/2022,Nebraska,NE,FALSE,FALSE,FALSE,Pillen,republican,FALSE,0.5973860032,,,
11/08/2022,Nebraska,NE,FALSE,FALSE,FALSE,Blood,democratic,FALSE,0.3629391342,,,
11/08/2022,Nebraska,NE,FALSE,FALSE,FALSE,Zimmerman,libertarian,FALSE,0.03965986548,,,
11/08/2022,Nevada,NV,FALSE,FALSE,FALSE,Lombardo,republican,FALSE,0.4880690354,,,
11/08/2022,Nevada,NV,FALSE,FALSE,FALSE,Sisolak,democratic,FALSE,0.4729709706,,,
11/08/2022,Nevada,NV,FALSE,FALSE,FALSE,Davis,libertarian,FALSE,0.01463980429,,,
11/08/2022,Nevada,NV,FALSE,FALSE,FALSE,None,independent,FALSE,0.01458779614,,,
11/08/2022,New Hampshire,NH,FALSE,FALSE,FALSE,Sununu,republican,FALSE,0.569848256,,,
11/08/2022,New Hampshire,NH,FALSE,FALSE,FALSE,Sherman,democratic,FALSE,0.4147173072,,,
11/08/2022,New Mexico,NM,FALSE,FALSE,FALSE,Grisham,democratic,FALSE,0.5197120137,,,
11/08/2022,New Mexico,NM,FALSE,FALSE,FALSE,Ronchetti,republican,FALSE,0.4558768196,,,
11/08/2022,New Mexico,NM,FALSE,FALSE,FALSE,Bedonie,libertarian,FALSE,0.02441116677,,,
11/08/2022,New York,NY,FALSE,FALSE,FALSE,Hochul,democratic,FALSE,0.5320035792,,,
11/08/2022,New York,NY,FALSE,FALSE,FALSE,Zeldin,republican,FALSE,0.4679964208,,,
11/08/2022,Ohio,OH,FALSE,FALSE,FALSE,DeWine,republican,FALSE,0.6240630616,,,
11/08/2022,Ohio,OH,FALSE,FALSE,FALSE,Whaley,democratic,FALSE,0.3737690384,,,
11/08/2022,Oklahoma,OK,FALSE,FALSE,FALSE,Stitt,republican,FALSE,0.554489614,,,
11/08/2022,Oklahoma,OK,FALSE,FALSE,FALSE,Hofmeister,democratic,FALSE,0.4178537117,,,
11/08/2022,Oklahoma,OK,FALSE,FALSE,FALSE,Bruno,libertarian,FALSE,0.01408412845,,,
11/08/2022,Oklahoma,OK,FALSE,FALSE,FALSE,Yen,independent,FALSE,0.01357254588,,,
11/08/2022,Oregon,OR,FALSE,FALSE,FALSE,Kotek,democratic,FALSE,0.4696000733,,,
11/08/2022,Oregon,OR,FALSE,FALSE,FALSE,Drazan,republican,FALSE,0.4354316157,,,
11/08/2022,Oregon,OR,FALSE,FALSE,FALSE,Johnson,independent,FALSE,0.08624735839,,,
11/08/2022,Pennsylvania,PA,FALSE,FALSE,FALSE,Shapiro,democratic,FALSE,0.5648594652,,,
11/08/2022,Pennsylvania,PA,FALSE,FALSE,FALSE,Mastriano,republican,FALSE,0.4171454214,,,
11/08/2022,Rhode Island,RI,FALSE,FALSE,FALSE,McKee,democratic,FALSE,0.5792098862,,,
11/08/2022,Rhode Island,RI,FALSE,FALSE,FALSE,Kalus,republican,FALSE,0.3886291833,,,
11/08/2022,Rhode Island,RI,FALSE,FALSE,FALSE,Hurwitz,independent,FALSE,0.01261498029,,,
11/08/2022,South Carolina,SC,FALSE,FALSE,FALSE,McMaster,republican,FALSE,0.580381425,,,
11/08/2022,South Carolina,SC,FALSE,FALSE,FALSE,Cunningham,democratic,FALSE,0.406701652,,,
11/08/2022,South Carolina,SC,FALSE,FALSE,FALSE,Reeves,libertarian,FALSE,0.01222762906,,,
11/08/2022,South Dakota,SD,FALSE,FALSE,FALSE,Noem,republican,FALSE,0.6198060349,,,
11/08/2022,South Dakota,SD,FALSE,FALSE,FALSE,Smith,democratic,FALSE,0.3516846296,,,
11/08/2022,South Dakota,SD,FALSE,FALSE,FALSE,Quint,libertarian,FALSE,0.02850933557,,,
11/08/2022,Tennessee,TN,FALSE,FALSE,FALSE,Lee,republican,FALSE,0.6491187333,,,
11/08/2022,Tennessee,TN,FALSE,FALSE,FALSE,Martin,democratic,FALSE,0.3292280741,,,
11/08/2022,Texas,TX,FALSE,FALSE,FALSE,Abbott,republican,FALSE,0.5475934072,,,
11/08/2022,Texas,TX,FALSE,FALSE,FALSE,O'Rourke,democratic,FALSE,0.4385655125,,,
11/08/2022,Texas,TX,FALSE,FALSE,FALSE,Tippetts,libertarian,FALSE,0.0101114316,,,
11/08/2022,Vermont,VT,FALSE,FALSE,FALSE,Scott,republican,FALSE,0.7097833224,,,
11/08/2022,Vermont,VT,FALSE,FALSE,FALSE,Siegel,democratic,FALSE,0.23963399,,,
11/08/2022,Vermont,VT,FALSE,FALSE,FALSE,Hoyt,independent,FALSE,0.02114458868,,,
11/08/2022,Vermont,VT,FALSE,FALSE,FALSE,Duval,independent,FALSE,0.01658350919,,,
11/08/2022,Wisconsin,WI,FALSE,FALSE,FALSE,Evers,democratic,FALSE,0.5114922322,,,
11/08/2022,Wisconsin,WI,FALSE,FALSE,FALSE,Michels,republican,FALSE,0.477522972,,,
11/08/2022,Wisconsin,WI,FALSE,FALSE,FALSE,Beglinger,independent,FALSE,0.010238322,,,
11/08/2022,Wyoming,WY,FALSE,FALSE,FALSE,Gordon,republican,FALSE,0.7407010309,,,
11/08/2022,Wyoming,WY,FALSE,FALSE,FALSE,Livingston,democratic,FALSE,0.1581752577,,,
11/08/2022,Wyoming,WY,FALSE,FALSE,FALSE,Write-In,independent,TRUE,0.05907731959,,,
11/08/2022,Wyoming,WY,FALSE,FALSE,FALSE,Baldes,libertarian,FALSE,0.04204639175,,,
11/08/2022,National Popular Vote,NPV,FALSE,FALSE,FALSE,Democratic,democrat,FALSE,0.4929,,,
11/08/2022,National Popular Vote,NPV,FALSE,FALSE,FALSE,Republican,republican,FALSE,0.4905,,,
11/07/2023,Louisiana,LA,FALSE,FALSE,FALSE,Landry,republican,FALSE,0.5156028529,,,
11/07/2023,Louisiana,LA,FALSE,FALSE,FALSE,Wilson,democratic,FALSE,0.2593181352,,,
11/07/2023,Louisiana,LA,FALSE,FALSE,FALSE,Waguespack,republican,FALSE,0.05862316917,,,
11/07/2023,Louisiana,LA,FALSE,FALSE,FALSE,Schroder,republican,FALSE,0.05332151213,,,
11/07/2023,Louisiana,LA,FALSE,FALSE,FALSE,Lundy,independent,FALSE,0.04909656301,,,
11/07/2023,Louisiana,LA,FALSE,FALSE,FALSE,Cole,democratic,FALSE,0.02603487254,,,
11/07/2023,Louisiana,LA,FALSE,FALSE,FALSE,Hewitt,republican,FALSE,0.01738167978,,,
11/07/2023,Kentucky,KY,FALSE,FALSE,FALSE,Beshear,democratic,FALSE,0.5253184329,,,
11/07/2023,Kentucky,KY,FALSE,FALSE,FALSE,Cameron,republican,FALSE,0.4746195408,,,
11/07/2023,Mississippi,MS,FALSE,FALSE,FALSE,Reeves,republican,FALSE,0.5094190012,,,
11/07/2023,Mississippi,MS,FALSE,FALSE,FALSE,Presley,democratic,FALSE,0.4769963459,,,
11/07/2023,Mississippi,MS,FALSE,FALSE,FALSE,Gray,independent,FALSE,0.01358465286,,,
11/07/2023,National Popular Vote,NPV,FALSE,FALSE,FALSE,Republican,republican,FALSE,0.5434,,,
11/07/2023,National Popular Vote,NPV,FALSE,FALSE,FALSE,Democratic,democrat,FALSE,0.4334,,,
11/05/2024,Delaware,DE,FALSE,FALSE,FALSE,Meyer,democratic,FALSE,0.5607007129463435,279585,498635,JJCooley
11/05/2024,Delaware,DE,FALSE,FALSE,FALSE,Ramone,republican,FALSE,0.43929928705365656,219050,498635,JJCooley
11/05/2024,Indiana,IN,FALSE,FALSE,FALSE,McCormick,democratic,FALSE,0.41107042336668803,1183741,2879655,JJCooley
11/05/2024,Indiana,IN,FALSE,FALSE,FALSE,Rainwater,libertarian,FALSE,0.04506824602252701,129781,2879655,JJCooley
11/05/2024,Indiana,IN,FALSE,FALSE,FALSE,Braun,republican,FALSE,0.5438432728920652,1566081,2879655,JJCooley
11/05/2024,Missouri,MO,FALSE,FALSE,FALSE,Quade,democratic,FALSE,0.3871889527950756,1146173,2960242,JJCooley
11/05/2024,Missouri,MO,FALSE,FALSE,FALSE,Kehoe,republican,FALSE,0.5914388080433964,1750802,2960242,JJCooley
11/05/2024,Montana,MT,FALSE,FALSE,FALSE,Busse,democratic,FALSE,0.3861926547632486,232644,602404,JJCooley
11/05/2024,Montana,MT,FALSE,FALSE,FALSE,Gianforte,republican,FALSE,0.5885900492028605,354569,602404,JJCooley
11/05/2024,North Carolina,NC,FALSE,FALSE,FALSE,Stein,democratic,FALSE,0.5489529105272656,3069496,5591547,JJCooley
11/05/2024,North Carolina,NC,FALSE,FALSE,FALSE,Robinson,republican,FALSE,0.40083880185572973,2241309,5591547,JJCooley
11/05/2024,North Dakota,ND,FALSE,FALSE,FALSE,Piepkorn,democratic,FALSE,0.260203474618243,94043,361421,JJCooley
11/05/2024,North Dakota,ND,FALSE,FALSE,FALSE,Armstrong,republican,FALSE,0.6835684700114271,247056,361421,JJCooley
11/05/2024,New Hampshire,NH,FALSE,FALSE,FALSE,Craig,democratic,FALSE,0.44271705980476883,360149,813497,JJCooley
11/05/2024,New Hampshire,NH,FALSE,FALSE,FALSE,Ayotte,republican,FALSE,0.5361076930830723,436122,813497,JJCooley
11/05/2024,Utah,UT,FALSE,FALSE,FALSE,King,democratic,FALSE,0.28472130064214196,420514,1476932,JJCooley
11/05/2024,Utah,UT,FALSE,FALSE,FALSE,Lyman,independent,FALSE,0.13578891919194655,200551,1476932,JJCooley
11/05/2024,Utah,UT,FALSE,FALSE,FALSE,Cox,republican,FALSE,0.5290907096602958,781431,1476932,JJCooley
11/05/2024,Vermont,VT,FALSE,FALSE,FALSE,Charlestin,democratic,FALSE,0.2183242797809509,79217,362841,JJCooley
11/05/2024,Vermont,VT,FALSE,FALSE,FALSE,Mutino,independent,FALSE,0.006653051887741462,2414,362841,JJCooley
11/05/2024,Vermont,VT,FALSE,FALSE,FALSE,Goodband,independent,FALSE,0.01243519888876946,4512,362841,JJCooley
11/05/2024,Vermont,VT,FALSE,FALSE,FALSE,Hoyt,independent,FALSE,0.02581847145168269,9368,362841,JJCooley
11/05/2024,Vermont,VT,FALSE,FALSE,FALSE,Scott,republican,FALSE,0.7343133769336982,266439,362841,JJCooley
11/05/2024,Washington,WA,FALSE,FALSE,FALSE,Ferguson,democratic,FALSE,0.5562586389548805,2143368,3853186,JJCooley
11/05/2024,Washington,WA,FALSE,FALSE,FALSE,Reichert,republican,FALSE,0.4437413610451195,1709818,3853186,JJCooley
11/05/2024,West Virginia,WV,FALSE,FALSE,FALSE,Williams,democratic,FALSE,0.3157877688520342,233976,740928,JJCooley
11/05/2024,West Virginia,WV,FALSE,FALSE,FALSE,Morrisey,republican,FALSE,0.6198982897123607,459300,740928,JJCooley
11/05/2024,National Popular Vote,NPV,FALSE,FALSE,FALSE,Democratic,democrat,FALSE,0.4580193472,9242906,20180165,JJCooley
11/05/2024,National Popular Vote,NPV,FALSE,FALSE,FALSE,Republican,republican,FALSE,0.4971206628,10031977,20180165,JJCooley
11/05/2024,National Popular Vote,NPV,FALSE,FALSE,FALSE,Libertarian,libertarian,FALSE,0.02184650126,440866,20180165,JJCooley
11/04/2025,New Jersey,NJ,FALSE,FALSE,FALSE,Sherrill,democratic,FALSE,0.5688079778,,,
11/04/2025,New Jersey,NJ,FALSE,FALSE,FALSE,Ciattarelli,republican,FALSE,0.4251806719,,,
11/04/2025,Virginia,VA,FALSE,FALSE,FALSE,Earle-Sears,republican,FALSE,0.4222086947,,,
11/04/2025,Virginia,VA,FALSE,FALSE,FALSE,Spanberger,democratic,FALSE,0.5757824742,,,
11/04/2025,National Popular Vote,NPV,FALSE,FALSE,FALSE,Republican,republican,FALSE,0.42367295,,,
11/04/2025,National Popular Vote,NPV,FALSE,FALSE,FALSE,Democratic,democrat,FALSE,0.5723462288,,,
