date,region,state_po,candidate,party,voteshare,candidatevotes,totalvotes,ev,version
11/8/2016,Alabama,AL,Trump,republican,62.083092364409100,,,,20171015
11/8/2016,Alabama,AL,Clinton,democrat,34.357945757973600,,,,20171015
11/8/2016,Alabama,AL,Johnson,libertarian,2.0941690857748900,,,,20171015
11/8/2016,Alabama,AL,Stein,green,0.44226824126907600,,,,20171015
11/8/2016,Alaska,AK,Trump,republican,51.281512077537300,,,,20171015
11/8/2016,Alaska,AK,Clinton,democrat,36.55087129011200,,,,20171015
11/8/2016,Alaska,AK,Johnson,libertarian,5.8771280068297100,,,,20171015
11/8/2016,Alaska,AK,Stein,green,1.8000175764575900,,,,20171015
11/8/2016,Alaska,AK,Castle,constitution party,1.2134033043740300,,,,20171015
11/8/2016,Alaska,AK,De La Fuente,no party affiliation,0.38919298950434400,,,,20171015
11/8/2016,Arizona,AZ,Trump,republican,48.671616472321100,,,,20171015
11/8/2016,Arizona,AZ,Clinton,democrat,45.126021844693200,,,,20171015
11/8/2016,Arizona,AZ,Johnson,libertarian,4.1321485408048100,,,,20171015
11/8/2016,Arizona,AZ,Stein,green,1.3347375702685200,,,,20171015
11/8/2016,Arizona,AZ,Castle,constitution party,0.04111667926464100,,,,20171015
11/8/2016,Arizona,AZ,De La Fuente,american delta party,0.0011270167284258900,,,,20171015
11/8/2016,Arizona,AZ,Tittle,we the people,0.00046635174969347100,,,,20171015
11/8/2016,Arkansas,AR,Trump,republican,60.574102163828300,,,,20171015
11/8/2016,Arkansas,AR,Clinton,democrat,33.653124129360900,,,,20171015
11/8/2016,Arkansas,AR,Johnson,libertarian,2.6382519557593700,,,,20171015
11/8/2016,Arkansas,AR,McMullin,better for america,1.1723500510774900,,,,20171015
11/8/2016,Arkansas,AR,Stein,green,0.83784775811822600,,,,20171015
11/8/2016,Arkansas,AR,Hedges,prohibition,0.41649161754235500,,,,20171015
11/8/2016,Arkansas,AR,Castle,constitution party,0.40800081370203500,,,,20171015
11/8/2016,Arkansas,AR,Kahn,independent,0.29983151061129400,,,,20171015
11/8/2016,California,CA,Clinton,democrat,61.726399604557900,,,,20171015
11/8/2016,California,CA,Trump,republican,31.617106538439400,,,,20171015
11/8/2016,California,CA,Johnson,libertarian,3.3740915602229500,,,,20171015
11/8/2016,California,CA,Stein,green,1.9649200248632100,,,,20171015
11/8/2016,California,CA,La Riva,peace & freedom,0.46610413003614900,,,,20171015
11/8/2016,Colorado,CO,Clinton,democrat,48.156980382847400,,,,20171015
11/8/2016,Colorado,CO,Trump,republican,43.25139737143100,,,,20171015
11/8/2016,Colorado,CO,Johnson,libertarian,5.1837984044428100,,,,20171015
11/8/2016,Colorado,CO,Stein,green,1.3825164915006700,,,,20171015
11/8/2016,Colorado,CO,Castle,american constitution party,0.42079403788189400,,,,20171015
11/8/2016,Colorado,CO,Keniston,veterans party of america,0.18084899756134400,,,,20171015
11/8/2016,Colorado,CO,De La Fuente,american delta party,0.045140312637129400,,,,20171015
11/8/2016,Colorado,CO,Kopitke,independent american,0.039421340757206300,,,,20171015
11/8/2016,Colorado,CO,Maldonado,independent people of colorado,0.031364424398069200,,,,20171015
11/8/2016,Colorado,CO,Maturen,american solidarity party,0.031004740632036300,,,,20171015
11/8/2016,Colorado,CO,Silva,nutrition party,0.027012250829071100,,,,20171015
11/8/2016,Colorado,CO,Hoefling,america's party,0.025537547388336200,,,,20171015
11/8/2016,Colorado,CO,La Riva,socialism and liberation party,0.019099207976347200,,,,20171015
11/8/2016,Colorado,CO,Kennedy,socialist workers,0.016257706224687300,,,,20171015
11/8/2016,Colorado,CO,Kotlikoff,kotlikoff for president,0.014099603628489800,,,,20171015
11/8/2016,Colorado,CO,Lyttle,nonviolent resistance/pacifist,0.013739919862456900,,,,20171015
11/8/2016,Colorado,CO,Atwood,approval voting party,0.012121342915308900,,,,20171015
11/8/2016,Colorado,CO,Soltysik,socialist party usa,0.0097474300594916900,,,,20171015
11/8/2016,Colorado,CO,Hedges,prohibition,0.0066541496716087200,,,,20171015
11/8/2016,Connecticut,CT,Clinton,democrat,54.566301096709900,,,,20171015
11/8/2016,Connecticut,CT,Trump,republican,40.926914378814800,,,,20171015
11/8/2016,Connecticut,CT,Johnson,libertarian,2.9591712666877400,,,,20171015
11/8/2016,Connecticut,CT,Stein,green,1.3885781679352200,,,,20171015
11/8/2016,Delaware,DE,Clinton,democrat,53.353336805634200,,,,20171015
11/8/2016,Delaware,DE,Trump,republican,41.922824339319300,,,,20171015
11/8/2016,Delaware,DE,Johnson,libertarian,3.3417876310604900,,,,20171015
11/8/2016,Delaware,DE,Stein,green,1.3820512239860500,,,,20171015
11/8/2016,District of Columbia,DC,Clinton,democrat,90.8638215299999,,,,20171015
11/8/2016,District of Columbia,DC,Trump,republican,4.08747445930838,,,,20171015
11/8/2016,District of Columbia,DC,Johnson,libertarian,1.5761337496948,,,,20171015
11/8/2016,District of Columbia,DC,Stein,green,1.36795301797808,,,,20171015
11/8/2016,Florida,FL,Trump,republican,49.021941416590700,,,,20171015
11/8/2016,Florida,FL,Clinton,democrat,47.823315805805100,,,,20171015
11/8/2016,Florida,FL,Johnson,libertarian,2.1978996052988700,,,,20171015
11/8/2016,Florida,FL,Stein,green,0.68363835860976800,,,,20171015
11/8/2016,Florida,FL,Castle,constitution party,0.17489311880768200,,,,20171015
11/8/2016,Florida,FL,De La Fuente,reform party,0.096687497790614200,,,,20171015
11/8/2016,Georgia,GA,Trump,republican,50.3783979309,,,,20171015
11/8/2016,Georgia,GA,Clinton,democrat,45.2867675873,,,,20171015
11/8/2016,Georgia,GA,Johnson,libertarian,3.0217334949,,,,20171015
11/8/2016,Hawaii,HI,Clinton,democrat,62.2214917342174,,,3,20171015
11/8/2016,Hawaii,HI,Trump,republican,30.0386770085117,,,,20171015
11/8/2016,Hawaii,HI,Johnson,libertarian,3.7194273284888,,,,20171015
11/8/2016,Hawaii,HI,Stein,green,2.96943373968671,,,,20171015
11/8/2016,Hawaii,HI,Castle,constitution party,1.05097018909537,,,,20171015
11/8/2016,Hawaii,HI,Sanders,independent,0,,,1,JJCooley
11/8/2016,Idaho,ID,Trump,republican,59.261432369196900,,,,20171015
11/8/2016,Idaho,ID,Clinton,democrat,27.492013820979200,,,,20171015
11/8/2016,Idaho,ID,McMullin,independent,8.8008054994168800,,,,20171015
11/8/2016,Idaho,ID,Johnson,libertarian,4.10442517620300,,,,20171015
11/8/2016,Idaho,ID,Castle,constitution party,0.34132313420402600,,,,20171015
11/8/2016,Illinois,IL,Clinton,democrat,55.825366698793300,,,,20171015
11/8/2016,Illinois,IL,Trump,republican,38.761753073825300,,,,20171015
11/8/2016,Illinois,IL,Johnson,libertarian,3.7857649630880900,,,,20171015
11/8/2016,Illinois,IL,Stein,green,1.3872131180704400,,,,20171015
11/8/2016,Indiana,IN,Trump,republican,56.940033448411300,,,,20171015
11/8/2016,Indiana,IN,Clinton,democrat,37.77483968675200,,,,20171015
11/8/2016,Indiana,IN,Johnson,libertarian,4.8992708480349600,,,,20171015
11/8/2016,Indiana,IN,Castle,constitution party,0.070823756708512500,,,,20171015
11/8/2016,Indiana,IN,Soltysik,socialist party usa,0.0020841270688617500,,,,20171015
11/8/2016,Iowa,IA,Trump,republican,51.162061344677400,,,,20171015
11/8/2016,Iowa,IA,Clinton,democrat,41.752513445496200,,,,20171015
11/8/2016,Iowa,IA,Johnson,libertarian,3.7804519730706800,,,,20171015
11/8/2016,Iowa,IA,McMullin,nominated by petition,0.78986701414172400,,,,20171015
11/8/2016,Iowa,IA,Stein,green,0.73321069507786300,,,,20171015
11/8/2016,Iowa,IA,Castle,constitution party,0.34076827757125200,,,,20171015
11/8/2016,Iowa,IA,Kahn,new independent party iowa,0.14352508335568900,,,,20171015
11/8/2016,Iowa,IA,Vacek,legal marijuana now,0.14346120926429800,,,,20171015
11/8/2016,Iowa,IA,La Riva,socialism and liberation party,0.020631331519309100,,,,20171015
11/8/2016,Kansas,KS,Trump,republican,56.654581805839600,,,,20171015
11/8/2016,Kansas,KS,Clinton,democrat,36.052370732234500,,,,20171015
11/8/2016,Kansas,KS,Johnson,libertarian,4.6779725127110600,,,,20171015
11/8/2016,Kansas,KS,Stein,independent,1.9846302184562300,,,,20171015
11/8/2016,Kentucky,KY,Trump,republican,62.519638551900100,,,,20171015
11/8/2016,Kentucky,KY,Clinton,democrat,32.682188333647800,,,,20171015
11/8/2016,Kentucky,KY,Johnson,libertarian,2.7935466536115400,,,,20171015
11/8/2016,Kentucky,KY,McMullin,independent,1.1838999994283200,,,,20171015
11/8/2016,Kentucky,KY,Stein,green,0.72307290131897300,,,,20171015
11/8/2016,Kentucky,KY,De La Fuente,american delta party,0.058623318672306600,,,,20171015
11/8/2016,Louisiana,LA,Trump,republican,58.088684653568800,,,,20171015
11/8/2016,Louisiana,LA,Clinton,democrat,38.44956609851400,,,,20171015
11/8/2016,Louisiana,LA,Johnson,libertarian,1.871729967787600,,,,20171015
11/8/2016,Louisiana,LA,Stein,green,0.69151201163904800,,,,20171015
11/8/2016,Maine,ME,Clinton,democrat,46.345214097308900,,,,20171015
11/8/2016,Maine,ME,Trump,republican,43.476678084498900,,,,20171015
11/8/2016,Maine,ME,Johnson,libertarian,4.9365714374549800,,,,20171015
11/8/2016,Maine,ME,Stein,green,1.8462427386214700,,,,20171015
11/8/2016,Maine 1st CD,ME-1,Trump,republican,39.15,,,,JJCooley
11/8/2016,Maine 1st CD,ME-1,Clinton,democrat,53.96,,,,JJCooley
11/8/2016,Maine 2nd CD,ME-2,Trump,republican,51.26,,,,JJCooley
11/8/2016,Maine 2nd CD,ME-2,Clinton,democrat,40.97,,,,JJCooley
11/8/2016,Maryland,MD,Clinton,democrat,60.325744235192800,,,,20171015
11/8/2016,Maryland,MD,Trump,republican,33.909304728547700,,,,20171015
11/8/2016,Maryland,MD,Johnson,libertarian,2.8620005565450500,,,,20171015
11/8/2016,Maryland,MD,Stein,green,1.2923134225866700,,,,20171015
11/8/2016,Maryland,MD,Trump,republican,0.0093117033370412400,,,,20171015
11/8/2016,Maryland,MD,Clinton,democrat,0.0028042967578734200,,,,20171015
11/8/2016,Massachusetts,MA,Clinton,democrat,60.0050645915876,,,,20171015
11/8/2016,Massachusetts,MA,Trump,republican,32.8083581400077,,,,20171015
11/8/2016,Massachusetts,MA,Johnson,libertarian,4.15085986780333,,,,20171015
11/8/2016,Massachusetts,MA,Stein,green,1.43339370342546,,,,20171015
11/8/2016,Michigan,MI,Trump,republican,47.497564219996100,,,,20171015
11/8/2016,Michigan,MI,Clinton,democrat,47.274530950866800,,,,20171015
11/8/2016,Michigan,MI,Johnson,libertarian,3.5867016830010500,,,,20171015
11/8/2016,Michigan,MI,Stein,green,1.0723057856130200,,,,20171015
11/8/2016,Michigan,MI,Castle,u.s. taxpayers party,0.33627932833314300,,,,20171015
11/8/2016,Michigan,MI,Soltysik,natural law,0.046027699131787200,,,,20171015
11/8/2016,Minnesota,MN,Clinton,democrat,46.445033961766900,,,,20171015
11/8/2016,Minnesota,MN,Trump,republican,44.925193104277300,,,,20171015
11/8/2016,Minnesota,MN,Johnson,libertarian,3.8363451012672600,,,,20171015
11/8/2016,Minnesota,MN,McMullin,independence,1.8023405467705200,,,,20171015
11/8/2016,Minnesota,MN,Stein,green,1.2559843139492200,,,,20171015
11/8/2016,Minnesota,MN,Vacek,legal marijuana now,0.38342396822583100,,,,20171015
11/8/2016,Minnesota,MN,Castle,constitution party,0.32111035723527200,,,,20171015
11/8/2016,Minnesota,MN,Kennedy,socialist workers,0.056744438128187400,,,,20171015
11/8/2016,Minnesota,MN,De La Fuente,american delta party,0.048560470690190300,,,,20171015
11/8/2016,Mississippi,MS,Trump,republican,57.941038088835600,,,,20171015
11/8/2016,Mississippi,MS,Clinton,democrat,40.114788271784100,,,,20171015
11/8/2016,Mississippi,MS,Johnson,libertarian,1.193609496616800,,,,20171015
11/8/2016,Mississippi,MS,Castle,constitution party,0.32967932545972800,,,,20171015
11/8/2016,Mississippi,MS,Stein,green,0.30851105174071800,,,,20171015
11/8/2016,Mississippi,MS,Hedges,prohibition,0.059122326988639400,,,,20171015
11/8/2016,Mississippi,MS,De La Fuente,american delta party,0.053251438574382900,,,,20171015
11/8/2016,Missouri,MO,Trump,republican,56.772347838161600,,,,20171015
11/8/2016,Missouri,MO,Clinton,democrat,38.135230835236700,,,,20171015
11/8/2016,Missouri,MO,Johnson,libertarian,3.466453986943700,,,,20171015
11/8/2016,Missouri,MO,Stein,green,0.90504004657116300,,,,20171015
11/8/2016,Missouri,MO,Castle,constitution party,0.46613888389431800,,,,20171015
11/8/2016,Montana,MT,Trump,republican,56.466191868577200,,,,20171015
11/8/2016,Montana,MT,Clinton,democrat,35.935218775150300,,,,20171015
11/8/2016,Montana,MT,Johnson,libertarian,5.6694693504487100,,,,20171015
11/8/2016,Montana,MT,Stein,green,1.611644281594900,,,,20171015
11/8/2016,Montana,MT,De La Fuente,american delta party,0.31747572422885800,,,,20171015
11/8/2016,Nebraska,NE,Trump,republican,58.747351127125800,,,,20171015
11/8/2016,Nebraska,NE,Clinton,democrat,33.698756377135500,,,,20171015
11/8/2016,Nebraska,NE,Johnson,libertarian,4.6132142184507200,,,,20171015
11/8/2016,Nebraska,NE,Stein,nominated by petition,1.0394123855313800,,,,20171015
11/8/2016,Nebraska 1st CD,NE-1,Trump,republican,56.18,,,,JJCooley
11/8/2016,Nebraska 1st CD,NE-1,Clinton,democrat,35.46,,,,JJCooley
11/8/2016,Nebraska 2nd CD,NE-2,Trump,republican,47.16,,,,JJCooley
11/8/2016,Nebraska 2nd CD,NE-2,Clinton,democrat,44.92,,,,JJCooley
11/8/2016,Nebraska 3rd CD,NE-3,Trump,republican,73.91,,,,JJCooley
11/8/2016,Nebraska 3rd CD,NE-3,Clinton,democrat,19.73,,,,JJCooley
11/8/2016,Nevada,NV,Clinton,democrat,47.91782367811900,,,,20171015
11/8/2016,Nevada,NV,Trump,republican,45.500695317602400,,,,20171015
11/8/2016,Nevada,NV,Johnson,libertarian,3.3218853992189300,,,,20171015
11/8/2016,Nevada,NV,Kopitke,independent american,0.46810647023018800,,,,20171015
11/8/2016,Nevada,NV,De La Fuente,no party affiliation,0.22676683979260400,,,,20171015
11/8/2016,New Hampshire,NH,Clinton,democrat,46.826262669690600,,,,20171015
11/8/2016,New Hampshire,NH,Trump,republican,46.458666981953400,,,,20171015
11/8/2016,New Hampshire,NH,Johnson,libertarian,4.1350484215957100,,,,20171015
11/8/2016,New Hampshire,NH,Stein,green,0.87277104807764700,,,,20171015
11/8/2016,New Hampshire,NH,De La Fuente,american delta party,0.091092791040123800,,,,20171015
11/8/2016,New Jersey,NJ,Clinton,democrat,55.453084449694200,,,,20171015
11/8/2016,New Jersey,NJ,Trump,republican,41.350386650029500,,,,20171015
11/8/2016,New Jersey,NJ,Johnson,libertarian,1.8708347810015700,,,,20171015
11/8/2016,New Jersey,NJ,Stein,green,0.97500132935953800,,,,20171015
11/8/2016,New Jersey,NJ,Castle,constitution party,0.15903270121211800,,,,20171015
11/8/2016,New Jersey,NJ,Kennedy,socialist workers,0.055652410941945400,,,,20171015
11/8/2016,New Jersey,NJ,De La Fuente,american delta party,0.047443938456074100,,,,20171015
11/8/2016,New Jersey,NJ,Moorehead,workers world party,0.045146598672292500,,,,20171015
11/8/2016,New Jersey,NJ,La Riva,socialism and liberation party,0.043417140632816400,,,,20171015
11/8/2016,New Mexico,NM,Clinton,democrat,48.255647178634100,,,,20171015
11/8/2016,New Mexico,NM,Trump,republican,40.042514333242700,,,,20171015
11/8/2016,New Mexico,NM,Johnson,libertarian,9.3372448858163200,,,,20171015
11/8/2016,New Mexico,NM,Stein,green,1.2374752448582600,,,,20171015
11/8/2016,New Mexico,NM,McMullin,better for america,0.72965819428073200,,,,20171015
11/8/2016,New Mexico,NM,Castle,constitution party,0.18964849890833100,,,,20171015
11/8/2016,New Mexico,NM,La Riva,socialism and liberation party,0.148311639833200,,,,20171015
11/8/2016,New Mexico,NM,De La Fuente,american delta party,0.059500024426325800,,,,20171015
11/8/2016,New York,NY,Clinton,democrat,56.7223422845415,,,,20171015
11/8/2016,New York,NY,Trump,republican,32.7288400253165,,,,20171015
11/8/2016,New York,NY,Trump,conservative,3.78674842675336,,,,20171015
11/8/2016,New York,NY,Clinton,working families,1.81366123707546,,,,20171015
11/8/2016,New York,NY,Johnson,independence,1.54318105672598,,,,20171015
11/8/2016,New York,NY,Stein,green,1.3978457163438,,,,20171015
11/8/2016,New York,NY,Johnson,libertarian,0.743927341136442,,,,20171015
11/8/2016,New York,NY,Clinton,women's equality,0.627433722642617,,,,20171015
11/8/2016,North Carolina,NC,Trump,republican,49.828094696180400,,,,20171015
11/8/2016,North Carolina,NC,Clinton,democrat,46.172866168209500,,,,20171015
11/8/2016,North Carolina,NC,Johnson,libertarian,2.7443687357167400,,,,20171015
11/8/2016,North Dakota,ND,Trump,republican,62.955627831339300,,,,20171015
11/8/2016,North Dakota,ND,Clinton,democrat,27.22673945870600,,,,20171015
11/8/2016,North Dakota,ND,Johnson,libertarian,6.2243001510047600,,,,20171015
11/8/2016,North Dakota,ND,Stein,green,1.097688465559300,,,,20171015
11/8/2016,North Dakota,ND,Castle,constitution party,0.53229178766407200,,,,20171015
11/8/2016,North Dakota,ND,De La Fuente,american delta party,0.10570333372052500,,,,20171015
11/8/2016,Ohio,OH,Trump,republican,51.687650675786200,,,,20171015
11/8/2016,Ohio,OH,Clinton,democrat,43.5580762767200,,,,20171015
11/8/2016,Ohio,OH,Johnson,libertarian,3.17,,,,JJCooley
11/8/2016,Ohio,OH,Stein,green,0.84182860798178900,,,,20171015
11/8/2016,Oklahoma,OK,Trump,republican,65.322864819627400,,,,20171015
11/8/2016,Oklahoma,OK,Clinton,democrat,28.931680284543900,,,,20171015
11/8/2016,Oklahoma,OK,Johnson,libertarian,5.7454548958287500,,,,20171015
11/8/2016,Oregon,OR,Clinton,democrat,50.071852002862100,,,,20171015
11/8/2016,Oregon,OR,Trump,republican,39.094035184496800,,,,20171015
11/8/2016,Oregon,OR,Johnson,libertarian,4.7084047856032200,,,,20171015
11/8/2016,Oregon,OR,Stein,green,2.498431048059900,,,,20171015
11/8/2016,Pennsylvania,PA,Trump,republican,48.57788580374600,,,,20171015
11/8/2016,Pennsylvania,PA,Clinton,democrat,47.853616164562900,,,,20171015
11/8/2016,Pennsylvania,PA,Johnson,libertarian,2.3991063874459900,,,,20171015
11/8/2016,Pennsylvania,PA,Stein,green,0.81664296149296500,,,,20171015
11/8/2016,Pennsylvania,PA,Castle,constitution party,0.35274868275217200,,,,20171015
11/8/2016,Rhode Island,RI,Clinton,democrat,54.406606570374700,,,,20171015
11/8/2016,Rhode Island,RI,Trump,republican,38.898057499396700,,,,20171015
11/8/2016,Rhode Island,RI,Johnson,libertarian,3.1770312661587800,,,,20171015
11/8/2016,Rhode Island,RI,Stein,green,1.3401013478575600,,,,20171015
11/8/2016,Rhode Island,RI,De La Fuente,american delta party,0.1445672032817400,,,,20171015
11/8/2016,South Carolina,SC,Trump,republican,54.939332685695400,,,,20171015
11/8/2016,South Carolina,SC,Clinton,democrat,40.673419789665100,,,,20171015
11/8/2016,South Carolina,SC,Johnson,libertarian,2.3396751444465500,,,,20171015
11/8/2016,South Carolina,SC,McMullin,independence,0.99932145426568500,,,,20171015
11/8/2016,South Carolina,SC,Stein,green,0.6197733077131200,,,,20171015
11/8/2016,South Carolina,SC,Castle,constitution party,0.27412867262284300,,,,20171015
11/8/2016,South Carolina,SC,Skewes,american,0.15434894559128300,,,,20171015
11/8/2016,South Dakota,SD,Trump,republican,61.530750378958800,,,,20171015
11/8/2016,South Dakota,SD,Clinton,democrat,31.73742815994900,,,,20171015
11/8/2016,South Dakota,SD,Johnson,libertarian,5.6337190922281700,,,,20171015
11/8/2016,South Dakota,SD,Castle,constitution party,1.0981023688640400,,,,20171015
11/8/2016,Tennessee,TN,Trump,republican,60.722033694214600,,,,20171015
11/8/2016,Tennessee,TN,Clinton,democrat,34.716332798650100,,,,20171015
11/8/2016,Tennessee,TN,Johnson,libertarian,2.81,,,,JJCooley
11/8/2016,Texas,TX,Trump,republican,52.234685579335400,,,36,20171015
11/8/2016,Texas,TX,Clinton,democrat,43.23525798101200,,,,20171015
11/8/2016,Texas,TX,Johnson,libertarian,3.1607186617886500,,,,20171015
11/8/2016,Texas,TX,Stein,green,0.7978168907774200,,,,20171015
11/8/2016,Texas,TX,Paul,independent,0,,,1,JJCooley
11/8/2016,Texas,TX,Kasich,independent,0,,,1,JJCooley
11/8/2016,Utah,UT,Trump,republican,45.540816588100400,,,,20171015
11/8/2016,Utah,UT,Clinton,democrat,27.46126859226900,,,,20171015
11/8/2016,Utah,UT,McMullin,no party affiliation,21.538230381,,,,JJCooley
11/8/2016,Utah,UT,Johnson,libertarian,3.5010523133657500,,,,20171015
11/8/2016,Utah,UT,Castle,constitution party,0.70996900073100600,,,,20171015
11/8/2016,Utah,UT,Kopitke,independent american,0.24148845990999900,,,,20171015
11/8/2016,Vermont,VT,Clinton,democrat,55.722742123213900,,,,20171015
11/8/2016,Vermont,VT,Trump,republican,29.759382401308100,,,,20171015
11/8/2016,Vermont,VT,Sanders,independent,5.6848287031,,,,20171015
11/8/2016,Vermont,VT,Johnson,libertarian,3.1447855785463100,,,,20171015
11/8/2016,Vermont,VT,Stein,green,2.1087974736868400,,,,20171015
11/8/2016,Vermont,VT,De La Fuente,independent,0.33170342032096900,,,,20171015
11/8/2016,Vermont,VT,La Riva,liberty union party,0.1020385874364600,,,,20171015
11/8/2016,Virginia,VA,Clinton,democrat,49.751352833417700,,,,20171015
11/8/2016,Virginia,VA,Trump,republican,44.42764701392400,,,,20171015
11/8/2016,Virginia,VA,Johnson,libertarian,2.9696551530198200,,,,20171015
11/8/2016,Virginia,VA,McMullin,independent,1.3572022561284300,,,,20171015
11/8/2016,Virginia,VA,Stein,green,0.69394227910751200,,,,20171015
11/8/2016,Washington,WA,Clinton,democrat,52.538680061826600,,,8,20171015
11/8/2016,Washington,WA,Trump,republican,36.832680186637500,,,,20171015
11/8/2016,Washington,WA,Johnson,libertarian,4.8501078830118200,,,,20171015
11/8/2016,Washington,WA,Stein,green,1.7611294960927300,,,,20171015
11/8/2016,Washington,WA,Castle,constitution party,0.53129029408634700,,,,20171015
11/8/2016,Washington,WA,Kennedy,socialist workers,0.12984550284457200,,,,20171015
11/8/2016,Washington,WA,La Riva,socialism and liberation party,0.10620982273541400,,,,20171015
11/8/2016,Washington,WA,Powell,independent,0,,,3,JJCooley
11/8/2016,Washington,WA,Spotted Eagle,independent,0,,,1,JJCooley
11/8/2016,West Virginia,WV,Trump,republican,68.630574811619400,,,,20171015
11/8/2016,West Virginia,WV,Clinton,democrat,26.476928017771500,,,,20171015
11/8/2016,West Virginia,WV,Johnson,libertarian,3.2261366998994500,,,,20171015
11/8/2016,West Virginia,WV,Stein,green,1.1324575661488400,,,,20171015
11/8/2016,West Virginia,WV,Castle,constitution party,0.53390290456082400,,,,20171015
11/8/2016,Wisconsin,WI,Trump,republican,47.218184567310100,,,,20171015
11/8/2016,Wisconsin,WI,Clinton,democrat,46.453841372242700,,,,20171015
11/8/2016,Wisconsin,WI,Johnson,libertarian,3.5842951464139900,,,,20171015
11/8/2016,Wisconsin,WI,Stein,green,1.0440333988542200,,,,20171015
11/8/2016,Wisconsin,WI,Castle,constitution party,0.40864875762310400,,,,20171015
11/8/2016,Wisconsin,WI,Moorehead,workers world party,0.059472808830200100,,,,20171015
11/8/2016,Wisconsin,WI,De La Fuente,american delta party,0.050467886363254500,,,,20171015
11/8/2016,Wyoming,WY,Trump,republican,68.1726330765412,,,,20171015
11/8/2016,Wyoming,WY,Clinton,democrat,21.8773573474979,,,,20171015
11/8/2016,Wyoming,WY,Johnson,libertarian,5.19329760913664,,,,20171015
11/8/2016,Wyoming,WY,Castle,constitution party,0.798127020234591,,,,20171015
11/8/2016,National Popular Vote,NPV,Clinton,democrat,48.1845780759,,,,20210915
11/8/2016,National Popular Vote,NPV,Trump,republican,46.0855796148,,,,20210915
11/8/2016,National Popular Vote,NPV,Johnson,libertarian,3.2848209425,,,,20210915
11/8/2016,National Popular Vote,NPV,Stein,green,1.0662367159,,,,20210915
11/8/2016,National Popular Vote,NPV,McMullin,independent,0.5355929448,,,,20210915
11/3/2020,Alabama,AL,Biden,democrat,36.5699902121223,,,,20210113
11/3/2020,Alabama,AL,Trump,republican,62.0316431668648,,,,20210113
11/3/2020,Alabama,AL,Jorgensen,libertarian,1.08363943765759,,,,20210113
11/3/2020,Alabama,AL,Write-In,,0.314727183355271,,,,20210113
11/3/2020,Alaska,AK,Biden,democrat,42.7719522710205,,,,20210113
11/3/2020,Alaska,AK,Trump,republican,52.8331432703808,,,,20210113
11/3/2020,Alaska,AK,Jorgensen,libertarian,2.47461964231079,,,,20210113
11/3/2020,Alaska,AK,De La Fuente,alliance,0.088448808166217,,,,20210113
11/3/2020,Alaska,AK,Pierce,independent,0.229466247601035,,,,20210113
11/3/2020,Alaska,AK,Janos,green,0.743470642227352,,,,20210113
11/3/2020,Alaska,AK,Blankenship,constitution party,0.313464801268323,,,,20210113
11/3/2020,Alaska,AK,Write-In,,0.545434317025005,,,,20210113
11/3/2020,Arizona,AZ,Biden,democrat,49.3646906143666,,,,20210113
11/3/2020,Arizona,AZ,Trump,republican,49.0559810304647,,,,20210113
11/3/2020,Arizona,AZ,Jorgensen,libertarian,1.51934003399732,,,,20210113
11/3/2020,Arizona,AZ,La Riva,party for socialism and liberation,0.00560914420401225,,,,20210113
11/3/2020,Arizona,AZ,Cummings,constitution party,0.00106278521760232,,,,20210113
11/3/2020,Arizona,AZ,Simmons,independent,0.00696714753761522,,,,20210113
11/3/2020,Arizona,AZ,Boddie,independent,0.000383783550800838,,,,20210113
11/3/2020,Arizona,AZ,Hawkins,green,0.0459654606613004,,,,20210113
11/3/2020,Arkansas,AR,Carroll,american solidarity party,0.140517066712385,,,,20210113
11/3/2020,Arkansas,AR,Blankenship,constitution party,0.17291884216562,,,,20210113
11/3/2020,Arkansas,AR,Biden,democrat,34.775061953015,,,,20210113
11/3/2020,Arkansas,AR,Hawkins,green,0.244448837596559,,,,20210113
11/3/2020,Arkansas,AR,Pierce,independent,0.175625825937662,,,,20210113
11/3/2020,Arkansas,AR,Gammon,independent,0.120993971629169,,,,20210113
11/3/2020,Arkansas,AR,West,independent,0.33624019641218,,,,20210113
11/3/2020,Arkansas,AR,Collins,independent,0.230667829302525,,,,20210113
11/3/2020,Arkansas,AR,De La Fuente,independent,0.108361380692971,,,,20210113
11/3/2020,Arkansas,AR,Jorgensen,libertarian,1.07729751146162,,,,20210113
11/3/2020,Arkansas,AR,Myers,life and liberty party,0.112544901067946,,,,20210113
11/3/2020,Arkansas,AR,Trump,republican,62.3957298561443,,,,20210113
11/3/2020,Arkansas,AR,La Riva,party for socialism and liberation,0.109591827862082,,,,20210113
11/3/2020,California,CA,Biden,democrat,63.4839468938735,,,,20210113
11/3/2020,California,CA,Trump,republican,34.3207236252849,,,,20210113
11/3/2020,California,CA,Jorgensen,libertarian,1.0736316646002,,,,20210113
11/3/2020,California,CA,Hawkins,green,0.462999548422734,,,,20210113
11/3/2020,California,CA,De La Fuente,american independent,0.343754123006722,,,,20210113
11/3/2020,California,CA,La Riva,peace & freedom,0.291625318748239,,,,20210113
11/3/2020,California,CA,Carroll,american solidarity party,0.014884964934051,,,,20210113
11/3/2020,California,CA,Janos,independent,0.00349125281178702,,,,20210113
11/3/2020,California,CA,Mark Charles,independent,0.00319412491291153,,,,20210113
11/3/2020,California,CA,Pierce,independent,0.00105708964023011,,,,20210113
11/3/2020,California,CA,Joseph Kishore,independent,0.000691393764691046,,,,20210113
11/3/2020,Colorado,CO,Biden,democrat,55.3995419069199,,,,20210113
11/3/2020,Colorado,CO,Trump,republican,41.8979238435606,,,,20210113
11/3/2020,Colorado,CO,Jorgensen,libertarian,1.61069456981621,,,,20210113
11/3/2020,Colorado,CO,Hawkins,green,0.275899759900276,,,,20210113
11/3/2020,Colorado,CO,La Riva,party for socialism and liberation,0.0317779046847079,,,,20210113
11/3/2020,Colorado,CO,De La Fuente,alliance,0.0195272921540814,,,,20210113
11/3/2020,Colorado,CO,Pierce,independent,0.0175622816228531,,,,20210113
11/3/2020,Colorado,CO,West,independent,0.248358909173529,,,,20210113
11/3/2020,Colorado,CO,Blankenship,constitution party,0.155389348414789,,,,20210113
11/3/2020,Colorado,CO,Hammons,unity party,0.0838199804727078,,,,20210113
11/3/2020,Colorado,CO,Huber,approval voting party,0.0108996677904071,,,,20210113
11/3/2020,Colorado,CO,Carroll,american solidarity party,0.0772187732193627,,,,20210113
11/3/2020,Colorado,CO,Charles,independent,0.0617443152859397,,,,20210113
11/3/2020,Colorado,CO,Collins,prohibition party,0.0174394684646513,,,,20210113
11/3/2020,Colorado,CO,Hunter,progressive party,0.0116365467396177,,,,20210113
11/3/2020,Colorado,CO,Jacob-Fambro,independent,0.015198128327469,,,,20210113
11/3/2020,Colorado,CO,Kennedy,socialist workers party,0.0108689645008566,,,,20210113
11/3/2020,Colorado,CO,Kishore,socialist equality party,0.00601784475188672,,,,20210113
11/3/2020,Colorado,CO,Kopitke,independent american party,0.0233959066374371,,,,20210113
11/3/2020,Colorado,CO,Mchugh,independent,0.0188518197839717,,,,20210113
11/3/2020,Colorado,CO,Scott,independent,0.00537307567132743,,,,20210113
11/3/2020,Colorado,CO,Cella,independent,0.00012281315820177,,,,20210113
11/3/2020,Colorado,CO,Hoefling,non-affiliated,0.000736878949210618,,,,20210113
11/3/2020,Connecticut,CT,Biden,democrat,59.2607315156835,,,,20210113
11/3/2020,Connecticut,CT,Trump,republican,39.2196866311339,,,,20210113
11/3/2020,Connecticut,CT,Jorgensen,libertarian,1.1091878365464,,,,20210113
11/3/2020,Connecticut,CT,Hawkins,green,0.413299946212888,,,,20210113
11/3/2020,Connecticut,CT,Carroll,american solidarity party,0.0121171780463052,,,,20210113
11/3/2020,Connecticut,CT,Charles,independent,0.000603117459318357,,,,20210113
11/3/2020,Connecticut,CT,Klojzy,,0,,,,20210113
11/3/2020,Connecticut,CT,Weinstein,,0.0000548288599380324,,,,20210113
11/3/2020,Connecticut,CT,Wells,non-affiliated,0.000328973159628195,,,,20210113
11/3/2020,Connecticut,CT,Simmons,,0.000109657719876065,,,,20210113
11/3/2020,Connecticut,CT,De La Fuente,alliance,0.000712775179194421,,,,20210113
11/3/2020,Connecticut,CT,Howard,,0.000657946319256389,,,,20210113
11/3/2020,Connecticut,CT,Simmons,independent,0.00120623491863671,,,,20210113
11/3/2020,Connecticut,CT,West,independent,0.0141458458640124,,,,20210113
11/3/2020,Delaware,DE,Bellar,,0.00138793605976849,,,,20210113
11/3/2020,Delaware,DE,Carroll,american solidarity party,0.0172500624571227,,,,20210113
11/3/2020,Delaware,DE,Pierce,independent,0.000991382899834637,,,,20210113
11/3/2020,Delaware,DE,Rouse,,0.000198276579966927,,,,20210113
11/3/2020,Delaware,DE,Ball,,0.000594829739900782,,,,20210113
11/3/2020,Delaware,DE,La Riva,party for socialism and liberation,0.00277587211953698,,,,20210113
11/3/2020,Delaware,DE,Simmons,independent,0.00555174423907397,,,,20210113
11/3/2020,Delaware,DE,West,independent,0.0335087420144107,,,,20210113
11/3/2020,Delaware,DE,Wells,non-affiliated,0.000198276579966927,,,,20210113
11/3/2020,Delaware,DE,Gibson,,0.000198276579966927,,,,20210113
11/3/2020,Delaware,DE,Charles,independent,0.00158621263973542,,,,20210113
11/3/2020,Delaware,DE,Williams,,0.000396553159933855,,,,20210113
11/3/2020,Delaware,DE,Boddie,independent,0.000198276579966927,,,,20210113
11/3/2020,Delaware,DE,Jacob?fambro,independent,0.000396553159933855,,,,20210113
11/3/2020,Delaware,DE,Howard,,0.00079310631986771,,,,20210113
11/3/2020,Delaware,DE,Cella,independent,0.000396553159933855,,,,20210113
11/3/2020,Delaware,DE,Hoefling,non-affiliated,0.000198276579966927,,,,20210113
11/3/2020,Delaware,DE,Biden,democrat,58.7430057936417,,,,20210113
11/3/2020,Delaware,DE,Trump,republican,39.7748767711056,,,,20210113
11/3/2020,Delaware,DE,Jorgensen,libertarian,0.991382899834637,,,,20210113
11/3/2020,Delaware,DE,Hawkins,green,0.424113604549258,,,,20210113
11/3/2020,District of Columbia,DC,Biden,democrat,92.1496939214069,,,,20210113
11/3/2020,District of Columbia,DC,Trump,republican,5.3973213767148,,,,20210113
11/3/2020,District of Columbia,DC,Jorgensen,libertarian,0.591248591573836,,,,20210113
11/3/2020,District of Columbia,DC,Hawkins,dc statehood green,0.501225475960924,,,,20210113
11/3/2020,District of Columbia,DC,La Riva,independent,0.248289560803355,,,,20210113
11/3/2020,District of Columbia,DC,Write-In,,0.910975850573244,,,,20210113
11/3/2020,District of Columbia,DC,Pierce,independent,0.20124522296693,,,,20210113
11/3/2020,Florida,FL,Biden,democrat,47.8614507254422,,,,20210113
11/3/2020,Florida,FL,Trump,republican,51.219819622504,,,,20210113
11/3/2020,Florida,FL,Jorgensen,libertarian,0.635412510336612,,,,20210113
11/3/2020,Florida,FL,Hawkins,green,0.133011597245112,,,,20210113
11/3/2020,Florida,FL,La Riva,party for socialism and liberation,0.0516107766771334,,,,20210113
11/3/2020,Florida,FL,De La Fuente,alliance,0.053905793707244,,,,20210113
11/3/2020,Florida,FL,Howard,,0.0000813195010669119,,,,20210113
11/3/2020,Florida,FL,Blankenship,constitution party,0.0352565214625656,,,,20210113
11/3/2020,Florida,FL,Wells,non-affiliated,0.0000722840009483661,,,,20210113
11/3/2020,Florida,FL,Walls-windhauser,,0.0000180710002370915,,,,20210113
11/3/2020,Florida,FL,Simmons,independent,0.00163542552145678,,,,20210113
11/3/2020,Florida,FL,Carroll,american solidarity party,0.00771631710123808,,,,20210113
11/3/2020,Florida,FL,Laboch,,0.00000903550011854576,,,,20210113
11/3/2020,Georgia,GA,Bellar,,0.0002000016000128,,,,20210113
11/3/2020,Georgia,GA,Carroll,american solidarity party,0.0140201121608973,,,,20210113
11/3/2020,Georgia,GA,Byrne,,0.00012000096000768,,,,20210113
11/3/2020,Georgia,GA,Rouse,,0.00002000016000128,,,,20210113
11/3/2020,Georgia,GA,Blankenship,constitution party,0.00122000976007808,,,,20210113
11/3/2020,Georgia,GA,La Riva,party for socialism and liberation,0.00318002544020352,,,,20210113
11/3/2020,Georgia,GA,Hawkins,green,0.0202601620812967,,,,20210113
11/3/2020,Georgia,GA,Simmons,independent,0.00362002896023168,,,,20210113
11/3/2020,Georgia,GA,Wells,non-affiliated,0.00012000096000768,,,,20210113
11/3/2020,Georgia,GA,Gibson,,0.00004000032000256,,,,20210113
11/3/2020,Georgia,GA,Collins,,0.00022000176001408,,,,20210113
11/3/2020,Georgia,GA,Charles,independent,0.0013000104000832,,,,20210113
11/3/2020,Georgia,GA,Sherrill,,0.00016000128001024,,,,20210113
11/3/2020,Georgia,GA,Boddie,independent,0.00016000128001024,,,,20210113
11/3/2020,Georgia,GA,Jacob-Fambro,independent,0.00014000112000896,,,,20210113
11/3/2020,Georgia,GA,Howard,,0.0001000008000064,,,,20210113
11/3/2020,Georgia,GA,Biden,democrat,49.4730557844463,,,,20210113
11/3/2020,Georgia,GA,Trump,republican,49.2374738997912,,,,20210113
11/3/2020,Georgia,GA,Jorgensen,libertarian,1.24458995671965,,,,20210113
11/3/2020,Hawaii,HI,Biden,democrat,63.733639239019,,,,20210113
11/3/2020,Hawaii,HI,Trump,republican,34.2688639421796,,,,20210113
11/3/2020,Hawaii,HI,Jorgensen,libertarian,0.964194760726863,,,,20210113
11/3/2020,Hawaii,HI,Hawkins,green,0.665310051543251,,,,20210113
11/3/2020,Hawaii,HI,Pierce,american shopping party,0.205929301668149,,,,20210113
11/3/2020,Hawaii,HI,Blankenship,constitution party,0.1620627048631,,,,20210113
11/3/2020,Idaho,ID,Biden,democrat,33.0694499812198,,,,20210113
11/3/2020,Idaho,ID,Trump,republican,63.84344892584,,,,20210113
11/3/2020,Idaho,ID,Jorgensen,libertarian,1.89000546124475,,,,20210113
11/3/2020,Idaho,ID,Hawkins,green,0.0468929665158872,,,,20210113
11/3/2020,Idaho,ID,Pierce,independent,0.323526904119438,,,,20210113
11/3/2020,Idaho,ID,Blankenship,constitution party,0.208080337905878,,,,20210113
11/3/2020,Idaho,ID,De La Fuente,independent,0.171787255712992,,,,20210113
11/3/2020,Idaho,ID,West,independent,0.418464998490669,,,,20210113
11/3/2020,Idaho,ID,La Riva,party for socialism and liberation,0.00564559056333777,,,,20210113
11/3/2020,Idaho,ID,Carroll,american solidarity party,0.018780229833144,,,,20210113
11/3/2020,Idaho,ID,Cella,independent,0.000115216133945669,,,,20210113
11/3/2020,Idaho,ID,Franklin,,0.000115216133945669,,,,20210113
11/3/2020,Idaho,ID,Hoefling,non-affiliated,0.000806512937619681,,,,20210113
11/3/2020,Idaho,ID,Howard,,0.000460864535782675,,,,20210113
11/3/2020,Idaho,ID,Simmons,independent,0.00241953881285904,,,,20210113
11/3/2020,Illinois,IL,Biden,democrat,57.5416453766758,,,,20210113
11/3/2020,Illinois,IL,Trump,republican,40.5534508181737,,,,20210113
11/3/2020,Illinois,IL,Jorgensen,libertarian,1.10286434142124,,,,20210113
11/3/2020,Illinois,IL,Hawkins,green,0.505391098029863,,,,20210113
11/3/2020,Illinois,IL,Carroll,american solidarity party,0.158243398832201,,,,20210113
11/3/2020,Illinois,IL,La Riva,party for socialism and liberation,0.133350061479251,,,,20210113
11/3/2020,Illinois,IL,Farney,,0.00139217066421291,,,,20210113
11/3/2020,Illinois,IL,Simmons,independent,0.00129272990248342,,,,20210113
11/3/2020,Illinois,IL,Mark Charles,independent,0.00124300952161867,,,,20210113
11/3/2020,Illinois,IL,Wells,non-affiliated,0.000298322285188481,,,,20210113
11/3/2020,Illinois,IL,Blankenship,constitution party,0.000298322285188481,,,,20210113
11/3/2020,Illinois,IL,Williams Jr.,,0.000132587682305991,,,,20210113
11/3/2020,Illinois,IL,Bellar,,0.000116014222017743,,,,20210113
11/3/2020,Illinois,IL,Kishore,independent,0.0000828673014412447,,,,20210113
11/3/2020,Illinois,IL,Mckee,,0.0000662938411529957,,,,20210113
11/3/2020,Illinois,IL,Collins,independent,0.0000497203808647468,,,,20210113
11/3/2020,Illinois,IL,Struck,,0.0000331469205764979,,,,20210113
11/3/2020,Illinois,IL,Rouse,,0.0000165734602882489,,,,20210113
11/3/2020,Illinois,IL,Higgs,,0.0000165734602882489,,,,20210113
11/3/2020,Illinois,IL,Simmons,,0.0000165734602882489,,,,20210113
11/3/2020,Indiana,IN,Biden,democrat,40.9616770597122,,,,20210113
11/3/2020,Indiana,IN,Trump,republican,57.0211577657051,,,,20210113
11/3/2020,Indiana,IN,Jorgensen,libertarian,1.95284192702031,,,,20210113
11/3/2020,Indiana,IN,Hawkins,green,0.0325737409490828,,,,20210113
11/3/2020,Indiana,IN,Carroll,american solidarity party,0.0294416504732094,,,,20210113
11/3/2020,Indiana,IN,Howard,,0.000758295588895651,,,,20210113
11/3/2020,Indiana,IN,Mccray,,0.000560479348314177,,,,20210113
11/3/2020,Indiana,IN,Schriner,,0.000428601854593194,,,,20210113
11/3/2020,Indiana,IN,Johnson Jr. James L.,,0.000164846867151229,,,,20210113
11/3/2020,Indiana,IN,Rouse,,0.000131877493720983,,,,20210113
11/3/2020,Indiana,IN,Williams,,0.000131877493720983,,,,20210113
11/3/2020,Indiana,IN,Stried,,0.0000659387468604914,,,,20210113
11/3/2020,Indiana,IN,F,,0.0000329693734302457,,,,20210113
11/3/2020,Indiana,IN,Wells,non-affiliated,0.0000329693734302457,,,,20210113
11/3/2020,Iowa,IA,Trump,republican,53.0893249692023,,,,20210113
11/3/2020,Iowa,IA,Biden,democrat,44.8917155714422,,,,20210113
11/3/2020,Iowa,IA,De La Fuente,independent,0.0639906888225063,,,,20210113
11/3/2020,Iowa,IA,Blankenship,constitution party,0.100953887079499,,,,20210113
11/3/2020,Iowa,IA,King,geneology know your family history party,0.0322910499973091,,,,20210113
11/3/2020,Iowa,IA,Hawkins,green,0.181858935424406,,,,20210113
11/3/2020,Iowa,IA,Jorgensen,libertarian,1.16135411867611,,,,20210113
11/3/2020,Iowa,IA,Pierce,independent,0.0321727677628867,,,,20210113
11/3/2020,Iowa,IA,West,independent,0.189842986247916,,,,20210113
11/3/2020,Iowa,IA,Write-In,,0.256495025344926,,,,20210113
11/3/2020,Kansas,KS,Trump,republican,56.1434944941375,,,,20210113
11/3/2020,Kansas,KS,Biden,democrat,41.5085262629277,,,,20210113
11/3/2020,Kansas,KS,Jorgensen,libertarian,2.22519814554691,,,,20210113
11/3/2020,Kansas,KS,Hawkins,green,0.0486903107009512,,,,20210113
11/3/2020,Kentucky,KY,Trump,republican,62.0865718692904,,,,20210113
11/3/2020,Kentucky,KY,Biden,democrat,36.151514811154,,,,20210113
11/3/2020,Kentucky,KY,Jorgensen,libertarian,1.22774208524276,,,,20210113
11/3/2020,Kentucky,KY,West,independent,0.303402147542457,,,,20210113
11/3/2020,Kentucky,KY,Pierce,independent,0.168431949561206,,,,20210113
11/3/2020,Kentucky,KY,Hawkins,green,0.0335085512325156,,,,20210113
11/3/2020,Kentucky,KY,Carroll,american solidarity party,0.0190942582442268,,,,20210113
11/3/2020,Kentucky,KY,La Riva,party for socialism and liberation,0.00458636595081918,,,,20210113
11/3/2020,Kentucky,KY,Charles,independent,0.00201238506005331,,,,20210113
11/3/2020,Kentucky,KY,Simmons,independent,0.001357189924222,,,,20210113
11/3/2020,Kentucky,KY,Hoefling,non-affiliated,0.000935993051187588,,,,20210113
11/3/2020,Kentucky,KY,Howard,,0.000421196873034415,,,,20210113
11/3/2020,Kentucky,KY,Boddie,independent,0.000327597567915656,,,,20210113
11/3/2020,Kentucky,KY,Wells,non-affiliated,0.0000467996525593794,,,,20210113
11/3/2020,Kentucky,KY,Stevens,,0.0000467996525593794,,,,20210113
11/3/2020,Louisiana,LA,Biden,democrat,39.8514568015262,,,,20210113
11/3/2020,Louisiana,LA,Jorgensen,libertarian,1.0076524793046,,,,20210113
11/3/2020,Louisiana,LA,Trump,republican,58.4608824140085,,,,20210113
11/3/2020,Louisiana,LA,Carroll,american solidarity party,0.116244316970367,,,,20210113
11/3/2020,Louisiana,LA,Jade Simmons,becoming one nation,0.0756961391244759,,,,20210113
11/3/2020,Louisiana,LA,Boddie,c.u.p,0.0523727899846466,,,,20210113
11/3/2020,Louisiana,LA,Blankenship,constitution party,0.0400360883438188,,,,20210113
11/3/2020,Louisiana,LA,Pierce,freedom and prosperity,0.0348686397320003,,,,20210113
11/3/2020,Louisiana,LA,Hoefling,life liberty constitution,0.0310977988531057,,,,20210113
11/3/2020,Louisiana,LA,La Riva,party for socialism and liberation,0.0459483944131966,,,,20210113
11/3/2020,Louisiana,LA,Kennedy,socialist workers party,0.0249527248282405,,,,20210113
11/3/2020,Louisiana,LA,West,the birthday party,0.22797293560428,,,,20210113
11/3/2020,Louisiana,LA,Hammons,unity party,0.0308184773065209,,,,20210113
11/3/2020,Maine,ME,Biden,democrat,53.0924595557324,,,,20210113
11/3/2020,Maine,ME,Jorgensen,libertarian,1.72698883778484,,,,20210113
11/3/2020,Maine,ME,Trump,republican,44.0212529943463,,,,20210113
11/3/2020,Maine,ME,Hawkins,green,1.00431869240879,,,,20210113
11/3/2020,Maine,ME,De La Fuente,alliance,0.14436318506921,,,,20210113
11/3/2020,Maine,ME,Write-In,,0.0106167346585133,,,,20210113
11/3/2020,Maine 1st CD,ME-1,Biden,democrat,60.11,,,,20201214
11/3/2020,Maine 1st CD,ME-1,Trump,republican,37.02,,,,20201214
11/3/2020,Maine 2nd CD,ME-2,Trump,republican,52.26,,,,20201214
11/3/2020,Maine 2nd CD,ME-2,Biden,democrat,44.82,,,,20201214
11/3/2020,Maryland,MD,Trump,republican,32.1502915677488,,,,20210113
11/3/2020,Maryland,MD,Biden,democrat,65.3606648600771,,,,20210113
11/3/2020,Maryland,MD,Jorgensen,libertarian,1.10265621347171,,,,20210113
11/3/2020,Maryland,MD,Hawkins,green,0.520212180979444,,,,20210113
11/3/2020,Maryland,MD,Segal,bread and roses,0.193741912328821,,,,20210113
11/3/2020,Maryland,MD,Ball,,0.000263415244498737,,,,20210113
11/3/2020,Maryland,MD,Bellar,,0.00075731882793387,,,,20210113
11/3/2020,Maryland,MD,Boddie,independent,0.000131707622249369,,,,20210113
11/3/2020,Maryland,MD,Carroll,american solidarity party,0.026176889922062,,,,20210113
11/3/2020,Maryland,MD,Cella,independent,0.000362195961185764,,,,20210113
11/3/2020,Maryland,MD,Charles,independent,0.000987807166870265,,,,20210113
11/3/2020,Maryland,MD,Collins,independent,0.000329269055623422,,,,20210113
11/3/2020,Maryland,MD,De La Fuente,alliance,0.000856099544620896,,,,20210113
11/3/2020,Maryland,MD,Hoefling,non-affiliated,0.000362195961185764,,,,20210113
11/3/2020,Maryland,MD,Howard,,0.000658538111246843,,,,20210113
11/3/2020,Maryland,MD,Lee,,0.0000329269055623422,,,,20210113
11/3/2020,Maryland,MD,Pierce,independent,0.000526830488997475,,,,20210113
11/3/2020,Maryland,MD,Rouse,,0.000197561433374053,,,,20210113
11/3/2020,Maryland,MD,Sherrill,,0.0000987807166870265,,,,20210113
11/3/2020,Maryland,MD,Simmons,becoming one nation,0.00431342462866682,,,,20210113
11/3/2020,Maryland,MD,Wells,non-affiliated,0.000164634527811711,,,,20210113
11/3/2020,Maryland,MD,West,the birthday party,0.0367793535131362,,,,20210113
11/3/2020,Maryland,MD,La Riva,party for socialism and liberation,0.00411586319529277,,,,20210113
11/3/2020,Maryland,MD,Raley,,0.00105366097799495,,,,20210113
11/3/2020,Maryland,MD,Schawlb,,0.0000987807166870265,,,,20210113
11/3/2020,Maryland,MD,Write-In,,0.594166010872464,,,,20210113
11/3/2020,Massachusetts,MA,Biden,democrat,65.6000630059685,,,,20210113
11/3/2020,Massachusetts,MA,Trump,republican,32.1419110305056,,,,20210113
11/3/2020,Massachusetts,MA,Jorgensen,libertarian,1.2946239496481,,,,20210113
11/3/2020,Massachusetts,MA,Hawkins,green-rainbow,0.513796049019084,,,,20210113
11/3/2020,Massachusetts,MA,Write-In,,0.449605964858752,,,,20210113
11/3/2020,Michigan,MI,Biden,democrat,50.6208182908244,,,,20210113
11/3/2020,Michigan,MI,Trump,republican,47.8372906911376,,,,20210113
11/3/2020,Michigan,MI,Jorgensen,libertarian,1.0900470853548,,,,20210113
11/3/2020,Michigan,MI,Blankenship,us taxpayers party,0.130612124054619,,,,20210113
11/3/2020,Michigan,MI,Hawkins,green,0.247648530446616,,,,20210113
11/3/2020,Michigan,MI,De La Fuente,natural law,0.053905708697594,,,,20210113
11/3/2020,Michigan,MI,Carroll,american solidarity party,0.0173848618472147,,,,20210113
11/3/2020,Michigan,MI,Hoefling,,0.000577690113303084,,,,20210113
11/3/2020,Michigan,MI,Hunter,,0.0000180528160407214,,,,20210113
11/3/2020,Michigan,MI,Simmons,becoming one nation,0.0016067006276242,,,,20210113
11/3/2020,Michigan,MI,Wells,non-affiliated,0.0000902640802036069,,,,20210113
11/3/2020,Minnesota,MN,Trump,republican,45.2849424091694,,,,20210113
11/3/2020,Minnesota,MN,Biden,democrat,52.39509930974,,,,20210113
11/3/2020,Minnesota,MN,De La Fuente,alliance,0.171214745889061,,,,20210113
11/3/2020,Minnesota,MN,Hawkins,green,0.306148199163242,,,,20210113
11/3/2020,Minnesota,MN,West,independent,0.242282139076661,,,,20210113
11/3/2020,Minnesota,MN,Pierce,independent,0.172435310821437,,,,20210113
11/3/2020,Minnesota,MN,La Riva,party for socialism and liberation,0.0369220892043778,,,,20210113
11/3/2020,Minnesota,MN,Kennedy,socialist workers party,0.0196205812879462,,,,20210113
11/3/2020,Minnesota,MN,Jorgensen,libertarian,1.06726197686968,,,,20210113
11/3/2020,Minnesota,MN,Write-In,,0.304073238778202,,,,20210113
11/3/2020,Mississippi,MS,Biden,democrat,41.0576064559786,,,,20210113
11/3/2020,Mississippi,MS,Trump,republican,57.6029545753825,,,,20210113
11/3/2020,Mississippi,MS,Blankenship,constitution party,0.0973542331584408,,,,20210113
11/3/2020,Mississippi,MS,Carroll,american solidarity party,0.0883723727106722,,,,20210113
11/3/2020,Mississippi,MS,Collins,independent,0.100246696692468,,,,20210113
11/3/2020,Mississippi,MS,Hawkins,green,0.114023957209808,,,,20210113
11/3/2020,Mississippi,MS,Jorgensen,libertarian,0.610918745371107,,,,20210113
11/3/2020,Mississippi,MS,Pierce,independent,0.0501614070769449,,,,20210113
11/3/2020,Mississippi,MS,West,independent,0.278361556419404,,,,20210113
11/3/2020,Missouri,MO,Trump,republican,56.7996557788895,,,,20210113
11/3/2020,Missouri,MO,Biden,democrat,41.4087817361884,,,,20210113
11/3/2020,Missouri,MO,Jorgensen,libertarian,1.36171571222639,,,,20210113
11/3/2020,Missouri,MO,Hawkins,green,0.273731130794108,,,,20210113
11/3/2020,Missouri,MO,Blankenship,constitution party,0.129512531882423,,,,20210113
11/3/2020,Missouri,MO,Write-In,,0,,,,20210113
11/3/2020,Missouri,MO,Wells,non-affiliated,0.0000991420249163737,,,,20210113
11/3/2020,Missouri,MO,Simmons,becoming one nation,0.00244550328127055,,,,20210113
11/3/2020,Missouri,MO,Carroll,american solidarity party,0.0219434348481574,,,,20210113
11/3/2020,Missouri,MO,La Riva,party for socialism and liberation,0.00211502986488264,,,,20210113
11/3/2020,Montana,MT,Jorgensen,libertarian,2.52652921941313,,,,20210113
11/3/2020,Montana,MT,Trump,republican,56.9184692400203,,,,20210113
11/3/2020,Montana,MT,Biden,democrat,40.5493693616091,,,,20210113
11/3/2020,Montana,MT,Bellar,,0.000331304644559812,,,,20210113
11/3/2020,Montana,MT,Simmons,becoming one nation,0.000993913933679436,,,,20210113
11/3/2020,Montana,MT,Charles,independent,0.00381000341243784,,,,20210113
11/3/2020,Montana,MT,Hoefling,,0.000496956966839718,,,,20210113
11/3/2020,Nebraska,NE,Trump,republican,58.2241633320542,,,,20210113
11/3/2020,Nebraska,NE,Biden,democrat,39.166630941788,,,,20210113
11/3/2020,Nebraska,NE,Jorgensen,libertarian,2.12080306739037,,,,20210113
11/3/2020,Nebraska,NE,Write-In,,0.48840265876746,,,,20210113
11/3/2020,Nebraska 1st CD,NE-1,Trump,republican,56.01,,,,20201214
11/3/2020,Nebraska 1st CD,NE-1,Biden,democrat,41.09,,,,20201214
11/3/2020,Nebraska 2nd CD,NE-2,Biden,democrat,52.30,,,,20201214
11/3/2020,Nebraska 2nd CD,NE-2,Trump,republican,45.66,,,,20201214
11/3/2020,Nebraska 3rd CD,NE-3,Trump,republican,75.59,,,,20201214
11/3/2020,Nebraska 3rd CD,NE-3,Biden,democrat,22.41,,,,20201214
11/3/2020,Nevada,NV,Jorgensen,libertarian,1.05188931645339,,,,20210113
11/3/2020,Nevada,NV,Trump,republican,47.6662473245594,,,,20210113
11/3/2020,Nevada,NV,Biden,democrat,50.056781957284,,,,20210113
11/3/2020,Nevada,NV,Blankenship,independent american party,0.223285441049228,,,,20210113
11/3/2020,Nevada,NV,Write-In,,1.00179596065395,,,,20210113
11/3/2020,New Hampshire,NH,Jorgensen,libertarian,1.64168884941614,,,,20210113
11/3/2020,New Hampshire,NH,Trump,republican,45.3562595046776,,,,20210113
11/3/2020,New Hampshire,NH,Biden,democrat,52.7078252801477,,,,20210113
11/3/2020,New Hampshire,NH,Buttigieg,,0.00582994906857261,,,,20210113
11/3/2020,New Hampshire,NH,Cuomo,,0.00173658057361737,,,,20210113
11/3/2020,New Hampshire,NH,Gabbard,,0.0176138886752619,,,,20210113
11/3/2020,New Hampshire,NH,Hawkins,green,0.0269169988910693,,,,20210113
11/3/2020,New Hampshire,NH,Huckabee,,0.00124041469544098,,,,20210113
11/3/2020,New Hampshire,NH,Kasich,,0.00831077845945456,,,,20210113
11/3/2020,New Hampshire,NH,Klobuchar,,0.00235678792133786,,,,20210113
11/3/2020,New Hampshire,NH,Obama,,0.00124041469544098,,,,20210113
11/3/2020,New Hampshire,NH,Paul,,0.00161253910407327,,,,20210113
11/3/2020,New Hampshire,NH,Pence,,0.00694632229446949,,,,20210113
11/3/2020,New Hampshire,NH,Rice,,0.00148849763452918,,,,20210113
11/3/2020,New Hampshire,NH,Romney,,0.0210870498224967,,,,20210113
11/3/2020,New Hampshire,NH,Sanders,,0.0238159621524668,,,,20210113
11/3/2020,New Hampshire,NH,Shaheen,,0.00173658057361737,,,,20210113
11/3/2020,New Hampshire,NH,Sununu,,0.00570590759902851,,,,20210113
11/3/2020,New Hampshire,NH,Supreme,,0.00272891232997016,,,,20210113
11/3/2020,New Hampshire,NH,Weld,,0.00285295379951425,,,,20210113
11/3/2020,New Hampshire,NH,West,,0.010171400502616,,,,20210113
11/3/2020,New Hampshire,NH,Yang,,0.00719440523355768,,,,20210113
11/3/2020,New Hampshire,NH,Write-In,,0.143640021732065,,,,20210113
11/3/2020,New Jersey,NJ,Trump,republican,41.3965238573485,,,,20210113
11/3/2020,New Jersey,NJ,Biden,democrat,57.334196752813,,,,20210113
11/3/2020,New Jersey,NJ,Jorgensen,libertarian,0.696296814074441,,,,20210113
11/3/2020,New Jersey,NJ,Hawkins,green,0.312176258909783,,,,20210113
11/3/2020,New Jersey,NJ,Hammons,unity party,0.0715486355971937,,,,20210113
11/3/2020,New Jersey,NJ,Blankenship,constitution party,0.0649323101548726,,,,20210113
11/3/2020,New Jersey,NJ,La Riva,party for socialism and liberation,0.064360800316001,,,,20210113
11/3/2020,New Jersey,NJ,De La Fuente,alliance,0.0599645707862195,,,,20210113
11/3/2020,New Mexico,NM,Hawkins,green,0.479022473795003,,,,20210113
11/3/2020,New Mexico,NM,Jorgensen,libertarian,1.3620645803683,,,,20210113
11/3/2020,New Mexico,NM,Biden,democrat,54.2892858495722,,,,20210113
11/3/2020,New Mexico,NM,Tittle,constitution party,0.195461949316262,,,,20210113
11/3/2020,New Mexico,NM,Trump,republican,43.4966692461295,,,,20210113
11/3/2020,New Mexico,NM,La Riva,party for socialism and liberation,0.177495900818754,,,,20210113
11/3/2020,New York,NY,Biden,democrat,60.8677104110186,,,,20210113
11/3/2020,New York,NY,Trump,republican,37.7399264070756,,,,20210113
11/3/2020,New York,NY,Hawkins,green,0.381020420313151,,,,20210113
11/3/2020,New York,NY,Jorgensen,libertarian,0.700754021679124,,,,20210113
11/3/2020,New York,NY,Pierce,independent,0.262926371911999,,,,20210113
11/3/2020,North Carolina,NC,Trump,republican,49.9343324882955,,,,20210113
11/3/2020,North Carolina,NC,Biden,democrat,48.5862117773632,,,,20210113
11/3/2020,North Carolina,NC,Jorgensen,libertarian,0.881081349159662,,,,20210113
11/3/2020,North Carolina,NC,Hawkins,green,0.220731892292249,,,,20210113
11/3/2020,North Carolina,NC,Blankenship,constitution party,0.136638380886772,,,,20210113
11/3/2020,North Carolina,NC,Simmons,becoming one nation,0.0021539233442212,,,,20210113
11/3/2020,North Carolina,NC,Write-In,,0.238850188658345,,,,20210113
11/3/2020,North Dakota,ND,Trump,republican,65.1140487370757,,,,20210113
11/3/2020,North Dakota,ND,Biden,democrat,31.7567623590801,,,,20210113
11/3/2020,North Dakota,ND,Jorgensen,libertarian,2.59604940591843,,,,20210113
11/3/2020,North Dakota,ND,Write-In,,0.533139497925758,,,,20210113
11/3/2020,Ohio,OH,Trump,republican,53.2713001008746,,,,20210113
11/3/2020,Ohio,OH,Biden,democrat,45.239338340705,,,,20210113
11/3/2020,Ohio,OH,Jorgensen,libertarian,1.14094385838241,,,,20210113
11/3/2020,Ohio,OH,Boddie,independent,0.000050656833387311,,,,20210113
11/3/2020,Ohio,OH,Carroll,american solidarity party,0.0244841361372003,,,,20210113
11/3/2020,Ohio,OH,Hawkins,green,0.317652116560698,,,,20210113
11/3/2020,Ohio,OH,Hoefling,,0.00192495966871782,,,,20210113
11/3/2020,Ohio,OH,Hunter,,0.000455911500485799,,,,20210113
11/3/2020,Ohio,OH,Simmons,becoming one nation,0.00357974955936998,,,,20210113
11/3/2020,Ohio,OH,Wells,independent,0.000270169778065659,,,,20210113
11/3/2020,Oklahoma,OK,Trump,republican,65.373271848063,,,,20210113
11/3/2020,Oklahoma,OK,Biden,democrat,32.2861743359866,,,,20210113
11/3/2020,Oklahoma,OK,Jorgensen,libertarian,1.58461048542993,,,,20210113
11/3/2020,Oklahoma,OK,Simmons,independent,0.234125862834538,,,,20210113
11/3/2020,Oklahoma,OK,West,independent,0.358621361325919,,,,20210113
11/3/2020,Oklahoma,OK,Pierce,independent,0.163196106360035,,,,20210113
11/3/2020,Oregon,OR,Trump,republican,40.3672460463434,,,,20210113
11/3/2020,Oregon,OR,Biden,democrat,56.4533186540489,,,,20210113
11/3/2020,Oregon,OR,Jorgensen,libertarian,1.75132174630136,,,,20210113
11/3/2020,Oregon,OR,Hawkins,pacific green,0.498289826859974,,,,20210113
11/3/2020,Oregon,OR,Hunter,progressive party,0.2100811137163,,,,20210113
11/3/2020,Oregon,OR,Write-In,,0.719742612730124,,,,20210113
11/3/2020,Pennsylvania,PA,Trump,republican,48.8436120401725,,,,20210113
11/3/2020,Pennsylvania,PA,Biden,democrat,50.0084956754481,,,,20210113
11/3/2020,Pennsylvania,PA,Jorgensen,libertarian,1.1478922843794,,,,20210113
11/3/2020,Rhode Island,RI,Biden,democrat,59.3880913246948,,,,20210113
11/3/2020,Rhode Island,RI,Trump,republican,38.6130945598032,,,,20210113
11/3/2020,Rhode Island,RI,Jorgensen,libertarian,0.97594045082925,,,,20210113
11/3/2020,Rhode Island,RI,Write-In,,0.532875460882229,,,,20210113
11/3/2020,Rhode Island,RI,De La Fuente,alliance,0.178268956286443,,,,20210113
11/3/2020,Rhode Island,RI,La Riva,party for socialism and liberation,0.163590255660474,,,,20210113
11/3/2020,Rhode Island,RI,Carroll,american solidarity party,0.148138991843664,,,,20210113
11/3/2020,South Carolina,SC,Hawkins,green,0.274814797426043,,,,20210113
11/3/2020,South Carolina,SC,Trump,republican,55.1102939567402,,,,20210113
11/3/2020,South Carolina,SC,De La Fuente,alliance,0.0740850083693778,,,,20210113
11/3/2020,South Carolina,SC,Jorgensen,libertarian,1.11071809540255,,,,20210113
11/3/2020,South Carolina,SC,Biden,democrat,43.4300881420618,,,,20210113
11/3/2020,South Dakota,SD,Trump,republican,61.7693896722502,,,,20210113
11/3/2020,South Dakota,SD,Biden,democrat,35.6052521361353,,,,20210113
11/3/2020,South Dakota,SD,Jorgensen,libertarian,2.62535819161447,,,,20210113
11/3/2020,Tennessee,TN,Trump,republican,60.6602941662838,,,,20210113
11/3/2020,Tennessee,TN,Biden,democrat,37.4514342710237,,,,20210113
11/3/2020,Tennessee,TN,Blankenship,independent,0.175679821969048,,,,20210113
11/3/2020,Tennessee,TN,De La Fuente,independent,0.0609067043546001,,,,20210113
11/3/2020,Tennessee,TN,Hawkins,independent,0.148828479189063,,,,20210113
11/3/2020,Tennessee,TN,Jorgensen,independent,0.978338497850746,,,,20210113
11/3/2020,Tennessee,TN,Kennedy,independent,0.0843525109771236,,,,20210113
11/3/2020,Tennessee,TN,La Riva,independent,0.075347487483836,,,,20210113
11/3/2020,Tennessee,TN,West,independent,0.336591405409105,,,,20210113
11/3/2020,Tennessee,TN,Boddie,independent,0.0000327455399755915,,,,20210113
11/3/2020,Tennessee,TN,Carroll,american solidarity party,0.0249521014614007,,,,20210113
11/3/2020,Tennessee,TN,Hoefling,,0.00101511173924334,,,,20210113
11/3/2020,Tennessee,TN,Simmons,becoming one nation,0.00222669671834022,,,,20210113
11/3/2020,Texas,TX,Trump,republican,52.0576036035526,,,,20210113
11/3/2020,Texas,TX,Biden,democrat,46.4790099138705,,,,20210113
11/3/2020,Texas,TX,Jorgensen,libertarian,1.11570813259784,,,,20210113
11/3/2020,Texas,TX,Hawkins,green,0.295146572849485,,,,20210113
11/3/2020,Texas,TX,Boddie,independent,0.0177816176959266,,,,20210113
11/3/2020,Texas,TX,Carroll,american solidarity party,0.0246132233017671,,,,20210113
11/3/2020,Texas,TX,Cella,independent,0.00181174534178178,,,,20210113
11/3/2020,Texas,TX,Cuellar,,0.000433051325596621,,,,20210113
11/3/2020,Texas,TX,Hoefling,,0.00297833258624615,,,,20210113
11/3/2020,Texas,TX,La Riva,party for socialism and liberation,0.00309322375426158,,,,20210113
11/3/2020,Texas,TX,Loeb,,0.000318160157581191,,,,20210113
11/3/2020,Texas,TX,Morrow,,0.000494915800681853,,,,20210113
11/3/2020,Texas,TX,Wells,independent,0.00100750716567377,,,,20210113
11/3/2020,Utah,UT,Pierce,independent,0.176242651796795,,,,20210113
11/3/2020,Utah,UT,West,the birthday party,0.484650494628395,,,,20210113
11/3/2020,Utah,UT,Biden,democrat,37.6460485833061,,,,20210113
11/3/2020,Utah,UT,Blankenship,constitution party,0.372978635197868,,,,20210113
11/3/2020,Utah,UT,Jorgensen,libertarian,2.58330203340883,,,,20210113
11/3/2020,Utah,UT,Mchugh,,0.149769298839137,,,,20210113
11/3/2020,Utah,UT,Hawkins,green,0.339517392119407,,,,20210113
11/3/2020,Utah,UT,La Riva,party for socialism and liberation,0.0765308350730268,,,,20210113
11/3/2020,Utah,UT,Trump,republican,58.1298390299196,,,,20210113
11/3/2020,Utah,UT,Carroll,american solidarity party,0.0247263804274573,,,,20210113
11/3/2020,Utah,UT,Hoefling,,0.00342675380924001,,,,20210113
11/3/2020,Utah,UT,Simmons,becoming one nation,0.0124975727160518,,,,20210113
11/3/2020,Utah,UT,Forbes,,0.0000671912511615688,,,,20210113
11/3/2020,Utah,UT,Boddie,independent,0.000403147506969413,,,,20210113
11/3/2020,Vermont,VT,Biden,democrat,66.086416930664,,,,20210113
11/3/2020,Vermont,VT,Trump,republican,30.6737646559326,,,,20210113
11/3/2020,Vermont,VT,Jorgensen,libertarian,0.981961091696877,,,,20210113
11/3/2020,Vermont,VT,Hawkins,green,0.356532436286837,,,,20210113
11/3/2020,Vermont,VT,West,independent,0.345373787517554,,,,20210113
11/3/2020,Vermont,VT,Paige,grumpy old patriots,0.319790543997736,,,,20210113
11/3/2020,Vermont,VT,Lafontaine,independent,0.232970813329414,,,,20210113
11/3/2020,Vermont,VT,Duncan,independent,0.0579705411672491,,,,20210113
11/3/2020,Vermont,VT,Carroll,american solidarity,0.0568818925068313,,,,20210113
11/3/2020,Vermont,VT,Blankenship,constitution,0.0566097303417268,,,,20210113
11/3/2020,Vermont,VT,Kennedy,socialist workers,0.0530716221953689,,,,20210113
11/3/2020,Vermont,VT,La Riva,liberty union,0.0451789194073397,,,,20210113
11/3/2020,Vermont,VT,Swing,boiling frog,0.0383748652797283,,,,20210113
11/3/2020,Vermont,VT,Collins,prohibition,0.0372862166193104,,,,20210113
11/3/2020,Vermont,VT,Mccormic,bull moose,0.0342924328031614,,,,20210113
11/3/2020,Vermont,VT,Pierce,unaffiliated,0.0272162165104456,,,,20210113
11/3/2020,Vermont,VT,Segal,bread and roses,0.0176905407317896,,,,20210113
11/3/2020,Vermont,VT,Huber,approval voting,0.0146967569156406,,,,20210113
11/3/2020,Vermont,VT,Kopitke,independent,0.0144245947505362,,,,20210113
11/3/2020,Vermont,VT,De La Fuente,alliance,0.0130637839250139,,,,20210113
11/3/2020,Vermont,VT,Write-In,,0.528538924632853,,,,20210113
11/3/2020,Vermont,VT,Scalf,independent,0.00789270278802922,,,,20210113
11/3/2020,Virginia,VA,Biden,democrat,54.1095171778024,,,,20210113
11/3/2020,Virginia,VA,Trump,republican,43.9955036672821,,,,20210113
11/3/2020,Virginia,VA,Jorgensen,libertarian,1.45186978032177,,,,20210113
11/3/2020,Virginia,VA,Write-In,,0.443109374593658,,,,20210113
11/3/2020,Washington,WA,Biden,democrat,57.9703011353031,,,,20210113
11/3/2020,Washington,WA,Trump,republican,38.7669777433433,,,,20210113
11/3/2020,Washington,WA,Jorgensen,libertarian,1.96935584449771,,,,20210113
11/3/2020,Washington,WA,Hawkins,green,0.447422969441224,,,,20210113
11/3/2020,Washington,WA,La Riva,party for socialism and liberation,0.11840599114744,,,,20210113
11/3/2020,Washington,WA,Kennedy,socialist workers party,0.0608420867734881,,,,20210113
11/3/2020,Washington,WA,Write-In,,0.666694229493807,,,,20210113
11/3/2020,West Virginia,WV,Biden,democrat,29.6965212445196,,,,20210113
11/3/2020,West Virginia,WV,Trump,republican,68.6315519246161,,,,20210113
11/3/2020,West Virginia,WV,Jorgensen,libertarian,1.34486542536859,,,,20210113
11/3/2020,West Virginia,WV,Hawkins,green,0.327061405495739,,,,20210113
11/3/2020,Wisconsin,WI,Biden,democrat,49.4495368614277,,,,20210113
11/3/2020,Wisconsin,WI,Trump,republican,48.8224373196088,,,,20210113
11/3/2020,Wisconsin,WI,Blankenship,constitution party,0.156032020220488,,,,20210113
11/3/2020,Wisconsin,WI,Jorgensen,independent,1.16708676453689,,,,20210113
11/3/2020,Wisconsin,WI,Carroll,american solidarity party,0.159458296606986,,,,20210113
11/3/2020,Wisconsin,WI,Wells,independent,0.00075802574922507,,,,20210113
11/3/2020,Wisconsin,WI,Simmons,becoming one nation,0.0010915570788841,,,,20210113
11/3/2020,Wisconsin,WI,Boddie,independent,0.000151605149845014,,,,20210113
11/3/2020,Wisconsin,WI,Hawkins,green,0.0330196016362441,,,,20210113
11/3/2020,Wisconsin,WI,La Riva,party for socialism and liberation,0.00333531329659031,,,,20210113
11/3/2020,Wisconsin,WI,West,the birthday party,0.0124619433172602,,,,20210113
11/3/2020,Wisconsin,WI,Charles,independent,0.00157669355838815,,,,20210113
11/3/2020,Wisconsin,WI,Write-In,,0.193053997812641,,,,20210113
11/3/2020,Wyoming,WY,Biden,democrat,26.5535743320145,,,,20210113
11/3/2020,Wyoming,WY,Trump,republican,69.9362274854118,,,,20210113
11/3/2020,Wyoming,WY,Jorgensen,libertarian,2.08407855039474,,,,20210113
11/3/2020,Wyoming,WY,Pierce,independent,0.797788737737792,,,,20210113
11/3/2020,Wyoming,WY,Write-In,,0.628330894441132,,,,20210113
11/3/2020,National Popular Vote,NPV,Biden,democrat,51.31151526,,,,20210915
11/3/2020,National Popular Vote,NPV,Trump,republican,46.85854237,,,,20210915
11/3/2020,National Popular Vote,NPV,Jorgensen,libertarian,1.177979488,,,,20210915
11/3/2020,National Popular Vote,NPV,Hawkins,green,0.2557307094,,,,20210915
11/5/2024,Alaska,AK,Harris,democratic,41.40612756041954,140026,338177,,JJCooley
11/5/2024,Alaska,AK,Stein,green,0.6925367485074384,2342,338177,,JJCooley
11/5/2024,Alaska,AK,Sonski,independent,0.2075836026696079,702,338177,,JJCooley
11/5/2024,Alaska,AK,Terry,independent,0.24011094781726727,812,338177,,JJCooley
11/5/2024,Alaska,AK,West,independent,0.3332574361946555,1127,338177,,JJCooley
11/5/2024,Alaska,AK,Kennedy,independent,1.676636790792987,5670,338177,,JJCooley
11/5/2024,Alaska,AK,Oliver,libertarian,0.8989375386262224,3040,338177,,JJCooley
11/5/2024,Alaska,AK,Trump,republican,54.54480937497228,184458,338177,,JJCooley
11/5/2024,Alabama,AL,Harris,democratic,34.10072005968858,772412,2265090,,JJCooley
11/5/2024,Alabama,AL,Stein,green,0.1906767501512081,4319,2265090,,JJCooley
11/5/2024,Alabama,AL,Oliver,independent,0.21765139575027925,4930,2265090,,JJCooley
11/5/2024,Alabama,AL,Kennedy,independent,0.5330914003417082,12075,2265090,,JJCooley
11/5/2024,Alabama,AL,Trump,republican,64.57209205815222,1462616,2265090,,JJCooley
11/5/2024,Arkansas,AR,Harris,democratic,33.55990989924544,396905,1182676,,JJCooley
11/5/2024,Arkansas,AR,Stein,green,0.36146839878377507,4275,1182676,,JJCooley
11/5/2024,Arkansas,AR,Kennedy,independent,1.1207634212582314,13255,1182676,,JJCooley
11/5/2024,Arkansas,AR,Oliver,libertarian,0.48322617521620465,5715,1182676,,JJCooley
11/5/2024,Arkansas,AR,Trump,republican,64.19687217800987,759241,1182676,,JJCooley
11/5/2024,Arizona,AZ,Harris,democratic,46.689817976196416,1582860,3390161,,JJCooley
11/5/2024,Arizona,AZ,Stein,green,0.5403578178145522,18319,3390161,,JJCooley
11/5/2024,Arizona,AZ,Oliver,libertarian,0.5279395285356654,17898,3390161,,JJCooley
11/5/2024,Arizona,AZ,Trump,republican,52.2170480988956,1770242,3390161,,JJCooley
11/5/2024,California,CA,Harris,democratic,58.467704244593996,9276179,15865475,,JJCooley
11/5/2024,California,CA,Stein,green,1.0577307014129738,167814,15865475,,JJCooley
11/5/2024,California,CA,Kennedy,independent,1.2457553272120752,197645,15865475,,JJCooley
11/5/2024,California,CA,Oliver,libertarian,0.42017021236363866,66662,15865475,,JJCooley
11/5/2024,California,CA,Trump,republican,38.33290210346681,6081697,15865475,,JJCooley
11/5/2024,Colorado,CO,Harris,democratic,54.12768636392822,1728159,3192745,,JJCooley
11/5/2024,Colorado,CO,Stein,green,0.5432316079110608,17344,3192745,,JJCooley
11/5/2024,Colorado,CO,West,independent,0.16127188359859618,5149,3192745,,JJCooley
11/5/2024,Colorado,CO,Kennedy,independent,1.1157483607366074,35623,3192745,,JJCooley
11/5/2024,Colorado,CO,Oliver,libertarian,0.6714911463333276,21439,3192745,,JJCooley
11/5/2024,Colorado,CO,Trump,republican,43.14284416700989,1377441,3192745,,JJCooley
11/5/2024,Connecticut,CT,Harris,democratic,56.398371811416645,992053,1759010,,JJCooley
11/5/2024,Connecticut,CT,Stein,green,0.8118771354341362,14281,1759010,,JJCooley
11/5/2024,Connecticut,CT,Kennedy,independent,0.4802701519604778,8448,1759010,,JJCooley
11/5/2024,Connecticut,CT,Oliver,libertarian,0.3825447268634061,6729,1759010,,JJCooley
11/5/2024,Connecticut,CT,Trump,republican,41.89390623134604,736918,1759010,,JJCooley
11/5/2024,District of Columbia,DC,Harris,democratic,90.27707452994915,294185,325869,,JJCooley
11/5/2024,District of Columbia,DC,Kennedy,independent,0.8524898041851173,2778,325869,,JJCooley
11/5/2024,District of Columbia,DC,Trump,republican,6.467629630311567,21076,325869,,JJCooley
11/5/2024,Delaware,DE,Harris,democratic,56.49273169666531,289758,512912,,JJCooley
11/5/2024,Delaware,DE,Kennedy,independent,0.9038587515987148,4636,512912,,JJCooley
11/5/2024,Delaware,DE,Oliver,libertarian,0.3973391147019372,2038,512912,,JJCooley
11/5/2024,Delaware,DE,Trump,republican,41.790989487475436,214351,512912,,JJCooley
11/5/2024,Florida,FL,Harris,democratic,42.98829273881029,4683038,10893752,,JJCooley
11/5/2024,Florida,FL,Stein,green,0.3961445055844855,43155,10893752,,JJCooley
11/5/2024,Florida,FL,Oliver,libertarian,0.2934893322337428,31972,10893752,,JJCooley
11/5/2024,Florida,FL,Trump,republican,56.08834311631108,6110125,10893752,,JJCooley
11/5/2024,Georgia,GA,Harris,democratic,48.52529230675474,2548017,5250905,,JJCooley
11/5/2024,Georgia,GA,Stein,green,0.3471592039848369,18229,5250905,,JJCooley
11/5/2024,Georgia,GA,Oliver,libertarian,0.3939130492743632,20684,5250905,,JJCooley
11/5/2024,Georgia,GA,Trump,republican,50.71729539955493,2663117,5250905,,JJCooley
11/5/2024,Hawaii,HI,Harris,democratic,60.58513531036325,313044,516701,,JJCooley
11/5/2024,Hawaii,HI,Stein,green,0.849040354092599,4387,516701,,JJCooley
11/5/2024,Hawaii,HI,Oliver,libertarian,0.528932593511528,2733,516701,,JJCooley
11/5/2024,Hawaii,HI,Trump,republican,37.480283568253206,193661,516701,,JJCooley
11/5/2024,Iowa,IA,Harris,democratic,42.5173098263547,707278,1663506,,JJCooley
11/5/2024,Iowa,IA,Kennedy,independent,0.7888159104926583,13122,1663506,,JJCooley
11/5/2024,Iowa,IA,Oliver,libertarian,0.43390285337113305,7218,1663506,,JJCooley
11/5/2024,Iowa,IA,Trump,republican,55.72682034209675,927019,1663506,,JJCooley
11/5/2024,Idaho,ID,Harris,democratic,30.381867139272504,274972,905053,,JJCooley
11/5/2024,Idaho,ID,Stein,green,0.32848904981255245,2973,905053,,JJCooley
11/5/2024,Idaho,ID,Kennedy,independent,1.4156077047421531,12812,905053,,JJCooley
11/5/2024,Idaho,ID,Oliver,libertarian,0.4930098016359263,4462,905053,,JJCooley
11/5/2024,Idaho,ID,Trump,republican,66.87409466627922,605246,905053,,JJCooley
11/5/2024,Illinois,IL,Harris,democratic,54.37057431598829,3062863,5633310,,JJCooley
11/5/2024,Illinois,IL,Kennedy,independent,1.4276863868666911,80426,5633310,,JJCooley
11/5/2024,Illinois,IL,Trump,republican,43.474955221708015,2449079,5633310,,JJCooley
11/5/2024,Indiana,IN,Harris,democratic,39.62311823874399,1163603,2936677,,JJCooley
11/5/2024,Indiana,IN,Kennedy,independent,0.9985776440514228,29325,2936677,,JJCooley
11/5/2024,Indiana,IN,Oliver,libertarian,0.6955140112446823,20425,2936677,,JJCooley
11/5/2024,Indiana,IN,Trump,republican,58.58141702339073,1720347,2936677,,JJCooley
11/5/2024,Kansas,KS,Harris,democratic,41.04072715166041,544853,1327591,,JJCooley
11/5/2024,Kansas,KS,Kennedy,independent,1.2294449118742143,16322,1327591,,JJCooley
11/5/2024,Kansas,KS,Oliver,libertarian,0.5735200072914022,7614,1327591,,JJCooley
11/5/2024,Kansas,KS,Trump,republican,57.15630792917396,758802,1327591,,JJCooley
11/5/2024,Kentucky,KY,Harris,democratic,33.937470173967114,704043,2074530,,JJCooley
11/5/2024,Kentucky,KY,Stein,green,0.36470911483564955,7566,2074530,,JJCooley
11/5/2024,Kentucky,KY,Kennedy,independent,0.8083276693998158,16769,2074530,,JJCooley
11/5/2024,Kentucky,KY,Oliver,libertarian,0.3095640940357575,6422,2074530,,JJCooley
11/5/2024,Kentucky,KY,Trump,republican,64.47214549801642,1337494,2074530,,JJCooley
11/5/2024,Louisiana,LA,Harris,democratic,38.21024178178602,766870,2006975,,JJCooley
11/5/2024,Louisiana,LA,Stein,green,0.355659637015907,7138,2006975,,JJCooley
11/5/2024,Louisiana,LA,West,independent,0.13069420396367668,2623,2006975,,JJCooley
11/5/2024,Louisiana,LA,Kennedy,independent,0.33089600019930493,6641,2006975,,JJCooley
11/5/2024,Louisiana,LA,Oliver,libertarian,0.34056228901705304,6835,2006975,,JJCooley
11/5/2024,Louisiana,LA,Trump,republican,60.21524931800346,1208505,2006975,,JJCooley
11/5/2024,Massachusetts,MA,Harris,democratic,61.218228109306935,2126518,3473668,,JJCooley
11/5/2024,Massachusetts,MA,Stein,green,0.7641778085873492,26545,3473668,,JJCooley
11/5/2024,Massachusetts,MA,Oliver,libertarian,0.5105554128949572,17735,3473668,,JJCooley
11/5/2024,Massachusetts,MA,Trump,republican,36.02252719603601,1251303,3473668,,JJCooley
11/5/2024,Maryland,MD,Harris,democratic,62.61892176720066,1902577,3038342,,JJCooley
11/5/2024,Maryland,MD,Stein,green,1.0905289792919954,33134,3038342,,JJCooley
11/5/2024,Maryland,MD,Kennedy,independent,0.9485107338146923,28819,3038342,,JJCooley
11/5/2024,Maryland,MD,Oliver,libertarian,0.5124505404592373,15570,3038342,,JJCooley
11/5/2024,Maryland,MD,Trump,republican,34.08273328019031,1035550,3038342,,JJCooley
11/5/2024,Maine,ME-AL,Harris,democratic,52.401383250639,435652,831375,,JJCooley
11/5/2024,Maine,ME-AL,Stein,green,1.078574650428507,8967,831375,,JJCooley
11/5/2024,Maine,ME-AL,West,independent,0.35026311832807094,2912,831375,,JJCooley
11/5/2024,Maine,ME-AL,Oliver,libertarian,0.6358141632837168,5286,831375,,JJCooley
11/5/2024,Maine,ME-AL,Trump,republican,45.464080589385055,377977,831375,,JJCooley
11/5/2024,Maine 1st CD,ME-D1,Harris,democratic,59.502909397039346,256570,431189,,JJCooley
11/5/2024,Maine 1st CD,ME-D1,Stein,green,1.12154994677508,4836,431189,,JJCooley
11/5/2024,Maine 1st CD,ME-D1,West,independent,0.3831266567560861,1652,431189,,JJCooley
11/5/2024,Maine 1st CD,ME-D1,Oliver,libertarian,0.6514544666028123,2809,431189,,JJCooley
11/5/2024,Maine 1st CD,ME-D1,Trump,republican,38.34095953282667,165322,431189,,JJCooley
11/5/2024,Maine 2nd CD,ME-D2,Harris,democratic,44.27370539594123,174225,393518,,JJCooley
11/5/2024,Maine 2nd CD,ME-D2,Stein,green,1.0614508103822442,4177,393518,,JJCooley
11/5/2024,Maine 2nd CD,ME-D2,West,independent,0.3135815896604476,1234,393518,,JJCooley
11/5/2024,Maine 2nd CD,ME-D2,Oliver,libertarian,1.0754272993865592,4232,393518,,JJCooley
11/5/2024,Maine 2nd CD,ME-D2,Trump,republican,53.27583490462953,209650,393518,,JJCooley
11/5/2024,Michigan,MI,Harris,democratic,48.31290850971349,2736533,5664186,,JJCooley
11/5/2024,Michigan,MI,Stein,green,0.7875271045124578,44607,5664186,,JJCooley
11/5/2024,Michigan,MI,West,independent,0.11765150367590331,6664,5664186,,JJCooley
11/5/2024,Michigan,MI,Kennedy,independent,0.4728834822867752,26785,5664186,,JJCooley
11/5/2024,Michigan,MI,Oliver,libertarian,0.3961734307453887,22440,5664186,,JJCooley
11/5/2024,Michigan,MI,Trump,republican,49.72710995013229,2816636,5664186,,JJCooley
11/5/2024,Minnesota,MN,Harris,democratic,50.922548802674925,1656979,3253920,,JJCooley
11/5/2024,Minnesota,MN,Stein,green,0.5001659536804839,16275,3253920,,JJCooley
11/5/2024,Minnesota,MN,West,independent,0.09637606333284163,3136,3253920,,JJCooley
11/5/2024,Minnesota,MN,Kennedy,independent,0.7376026454245956,24001,3253920,,JJCooley
11/5/2024,Minnesota,MN,Oliver,libertarian,0.4657459310616118,15155,3253920,,JJCooley
11/5/2024,Minnesota,MN,Trump,republican,46.683139106062846,1519032,3253920,,JJCooley
11/5/2024,Missouri,MO,Harris,democratic,40.08240168769554,1200599,2995327,,JJCooley
11/5/2024,Missouri,MO,Stein,green,0.5720577419426994,17135,2995327,,JJCooley
11/5/2024,Missouri,MO,Oliver,libertarian,0.7971082956885842,23876,2995327,,JJCooley
11/5/2024,Missouri,MO,Trump,republican,58.49064225708912,1751986,2995327,,JJCooley
11/5/2024,Mississippi,MS,Harris,democratic,38.00203256004847,466668,1228008,,JJCooley
11/5/2024,Mississippi,MS,Stein,green,0.15252343632940502,1873,1228008,,JJCooley
11/5/2024,Mississippi,MS,Kennedy,independent,0.43867792392231975,5387,1228008,,JJCooley
11/5/2024,Mississippi,MS,Oliver,libertarian,0.20651331261685593,2536,1228008,,JJCooley
11/5/2024,Mississippi,MS,Trump,republican,60.89080852893467,747744,1228008,,JJCooley
11/5/2024,Montana,MT,Harris,democratic,38.46106643359543,231906,602963,,JJCooley
11/5/2024,Montana,MT,Stein,green,0.47730955299081373,2878,602963,,JJCooley
11/5/2024,Montana,MT,Kennedy,independent,1.9611485281849799,11825,602963,,JJCooley
11/5/2024,Montana,MT,Oliver,libertarian,0.7089987279484811,4275,602963,,JJCooley
11/5/2024,Montana,MT,Trump,republican,58.3914767572803,352079,602963,,JJCooley
11/5/2024,North Carolina,NC,Harris,democratic,47.64533813078146,2715375,5699141,,JJCooley
11/5/2024,North Carolina,NC,Stein,green,0.43448653051398445,24762,5699141,,JJCooley
11/5/2024,North Carolina,NC,West,independent,0.21229515114646225,12099,5699141,,JJCooley
11/5/2024,North Carolina,NC,Oliver,libertarian,0.3882163996293477,22125,5699141,,JJCooley
11/5/2024,North Carolina,NC,Trump,republican,50.857190583633574,2898423,5699141,,JJCooley
11/5/2024,North Dakota,ND,Harris,democratic,30.510790292132388,112327,368155,,JJCooley
11/5/2024,North Dakota,ND,Oliver,libertarian,1.691407151878964,6227,368155,,JJCooley
11/5/2024,North Dakota,ND,Trump,republican,66.9568524127066,246505,368155,,JJCooley
11/5/2024,Nebraska,NE-AL,Harris,democratic,38.85759235104213,369995,952182,,JJCooley
11/5/2024,Nebraska,NE-AL,Stein,green,0.3031983381328359,2887,952182,,JJCooley
11/5/2024,Nebraska,NE-AL,West,independent,0.32157717747237397,3062,952182,,JJCooley
11/5/2024,Nebraska,NE-AL,Oliver,libertarian,0.6720353881925935,6399,952182,,JJCooley
11/5/2024,Nebraska,NE-AL,Trump,republican,59.31807154514578,564816,952182,,JJCooley
11/5/2024,Nebraska 1st CD,NE-D1,Harris,democratic,42.779238362116466,135869,317605,,JJCooley
11/5/2024,Nebraska 1st CD,NE-D1,Stein,green,0.3176902126855685,1009,317605,,JJCooley
11/5/2024,Nebraska 1st CD,NE-D1,West,independent,0.3302844728514979,1049,317605,,JJCooley
11/5/2024,Nebraska 1st CD,NE-D1,Oliver,libertarian,0.7594338880055415,2412,317605,,JJCooley
11/5/2024,Nebraska 1st CD,NE-D1,Trump,republican,55.81335306434093,177266,317605,,JJCooley
11/5/2024,Nebraska 2nd CD,NE-D2,Harris,democratic,51.659972336432034,163214,315939,,JJCooley
11/5/2024,Nebraska 2nd CD,NE-D2,Stein,green,0.34880150915208313,1102,315939,,JJCooley
11/5/2024,Nebraska 2nd CD,NE-D2,West,independent,0.3573474626431052,1129,315939,,JJCooley
11/5/2024,Nebraska 2nd CD,NE-D2,Oliver,libertarian,0.6327170751315918,1999,315939,,JJCooley
11/5/2024,Nebraska 2nd CD,NE-D2,Trump,republican,47.001161616641184,148495,315939,,JJCooley
11/5/2024,Nebraska 3rd CD,NE-D3,Harris,democratic,22.521878735247274,70282,312061,,JJCooley
11/5/2024,Nebraska 3rd CD,NE-D3,Stein,green,0.24546482899176764,766,312061,,JJCooley
11/5/2024,Nebraska 3rd CD,NE-D3,West,independent,0.28039389734699305,875,312061,,JJCooley
11/5/2024,Nebraska 3rd CD,NE-D3,Oliver,libertarian,0.6338504330884026,1978,312061,,JJCooley
11/5/2024,Nebraska 3rd CD,NE-D3,Trump,republican,76.31841210532556,238160,312061,,JJCooley
11/5/2024,New Hampshire,NH,Harris,democratic,50.65281672837572,418488,826189,,JJCooley
11/5/2024,New Hampshire,NH,Stein,green,0.44541866328406693,3680,826189,,JJCooley
11/5/2024,New Hampshire,NH,Oliver,libertarian,0.5355917350630425,4425,826189,,JJCooley
11/5/2024,New Hampshire,NH,Trump,republican,47.8731864016587,395523,826189,,JJCooley
11/5/2024,New Jersey,NJ,Harris,democratic,51.79216831994672,2220713,4287739,,JJCooley
11/5/2024,New Jersey,NJ,Stein,green,0.9105265035954846,39041,4287739,,JJCooley
11/5/2024,New Jersey,NJ,Kennedy,independent,0.5475846360984192,23479,4287739,,JJCooley
11/5/2024,New Jersey,NJ,Oliver,libertarian,0.24488430848985912,10500,4287739,,JJCooley
11/5/2024,New Jersey,NJ,Trump,republican,45.903330403273145,1968215,4287739,,JJCooley
11/5/2024,New Mexico,NM,Harris,democratic,51.85189998299767,478802,923403,,JJCooley
11/5/2024,New Mexico,NM,Stein,green,0.49934860510524653,4611,923403,,JJCooley
11/5/2024,New Mexico,NM,Kennedy,independent,1.0345428810605988,9553,923403,,JJCooley
11/5/2024,New Mexico,NM,Oliver,libertarian,0.40556506747324844,3745,923403,,JJCooley
11/5/2024,New Mexico,NM,Trump,republican,45.85116141056505,423391,923403,,JJCooley
11/5/2024,Nevada,NV,Harris,democratic,47.49313057299103,705197,1484840,,JJCooley
11/5/2024,Nevada,NV,None,independent,1.3216912259906792,19625,1484840,,JJCooley
11/5/2024,Nevada,NV,Oliver,libertarian,0.40805743379758086,6059,1484840,,JJCooley
11/5/2024,Nevada,NV,Trump,republican,50.5916462379785,751205,1484840,,JJCooley
11/5/2024,New York,NY,Harris,democratic,55.90557089595818,4619195,8262495,,JJCooley
11/5/2024,New York,NY,Trump,republican,43.31499141603111,3578899,8262495,,JJCooley
11/5/2024,Ohio,OH,Harris,democratic,43.92843495634722,2533699,5767788,,JJCooley
11/5/2024,Ohio,OH,Oliver,libertarian,0.4889222696812019,28200,5767788,,JJCooley
11/5/2024,Ohio,OH,Trump,republican,55.13579902728741,3180116,5767788,,JJCooley
11/5/2024,Oklahoma,OK,Harris,democratic,31.89934956099997,499599,1566173,,JJCooley
11/5/2024,Oklahoma,OK,Kennedy,independent,1.0228755060903234,16020,1566173,,JJCooley
11/5/2024,Oklahoma,OK,Oliver,libertarian,0.5872914422608485,9198,1566173,,JJCooley
11/5/2024,Oklahoma,OK,Trump,republican,66.16210342024796,1036213,1566173,,JJCooley
11/5/2024,Oregon,OR,Harris,democratic,55.273061666933245,1240600,2244493,,JJCooley
11/5/2024,Oregon,OR,Stein,green,0.8509271358832485,19099,2244493,,JJCooley
11/5/2024,Oregon,OR,West,independent,0.25145990653568534,5644,2244493,,JJCooley
11/5/2024,Oregon,OR,Kennedy,independent,1.502922931815782,33733,2244493,,JJCooley
11/5/2024,Oregon,OR,Oliver,libertarian,0.4036991872997599,9061,2244493,,JJCooley
11/5/2024,Oregon,OR,Trump,republican,40.96604444745428,919480,2244493,,JJCooley
11/5/2024,Pennsylvania,PA,Harris,democratic,48.66280572391539,3423042,7034206,,JJCooley
11/5/2024,Pennsylvania,PA,Stein,green,0.4910006900565608,34538,7034206,,JJCooley
11/5/2024,Pennsylvania,PA,Oliver,libertarian,0.4736568704413831,33318,7034206,,JJCooley
11/5/2024,Pennsylvania,PA,Trump,republican,50.372536715586655,3543308,7034206,,JJCooley
11/5/2024,Rhode Island,RI,Harris,democratic,55.544171442150734,285156,513386,,JJCooley
11/5/2024,Rhode Island,RI,Stein,green,0.5648771100107911,2900,513386,,JJCooley
11/5/2024,Rhode Island,RI,Kennedy,independent,0.982691386208428,5045,513386,,JJCooley
11/5/2024,Rhode Island,RI,Oliver,libertarian,0.3149676851336032,1617,513386,,JJCooley
11/5/2024,Rhode Island,RI,Trump,republican,41.76311780999092,214406,513386,,JJCooley
11/5/2024,South Carolina,SC,Harris,democratic,40.36089068889465,1028452,2548140,,JJCooley
11/5/2024,South Carolina,SC,Stein,green,0.31854607674617563,8117,2548140,,JJCooley
11/5/2024,South Carolina,SC,West,independent,0.264663637005816,6744,2548140,,JJCooley
11/5/2024,South Carolina,SC,Oliver,libertarian,0.4971861828627941,12669,2548140,,JJCooley
11/5/2024,South Carolina,SC,Trump,republican,58.22862951015251,1483747,2548140,,JJCooley
11/5/2024,South Dakota,SD,Harris,democratic,34.23909242239848,146859,428922,,JJCooley
11/5/2024,South Dakota,SD,Kennedy,independent,1.6795594537002065,7204,428922,,JJCooley
11/5/2024,South Dakota,SD,Oliver,libertarian,0.6476702057716788,2778,428922,,JJCooley
11/5/2024,South Dakota,SD,Trump,republican,63.43367791812964,272081,428922,,JJCooley
11/5/2024,Tennessee,TN,Harris,democratic,34.47405336001791,1056265,3063942,,JJCooley
11/5/2024,Tennessee,TN,Stein,green,0.2926621979136681,8967,3063942,,JJCooley
11/5/2024,Tennessee,TN,Kennedy,independent,0.7028527302409772,21535,3063942,,JJCooley
11/5/2024,Tennessee,TN,Trump,republican,64.19393709149847,1966865,3063942,,JJCooley
11/5/2024,Texas,TX,Harris,democratic,42.456654743124616,4835250,11388674,,JJCooley
11/5/2024,Texas,TX,Stein,green,0.7261688235171189,82701,11388674,,JJCooley
11/5/2024,Texas,TX,Oliver,libertarian,0.6019752606844309,68557,11388674,,JJCooley
11/5/2024,Texas,TX,Trump,republican,56.1399597529967,6393597,11388674,,JJCooley
11/5/2024,Utah,UT,Harris,democratic,37.79430753499846,562566,1488494,,JJCooley
11/5/2024,Utah,UT,Stein,green,0.5523703824133654,8222,1488494,,JJCooley
11/5/2024,Utah,UT,West,independent,0.14773321222658606,2199,1488494,,JJCooley
11/5/2024,Utah,UT,Oliver,libertarian,1.1355101196242645,16902,1488494,,JJCooley
11/5/2024,Utah,UT,Trump,republican,59.376658555560184,883818,1488494,,JJCooley
11/5/2024,Virginia,VA,Harris,democratic,51.82386736091495,2333778,4503288,,JJCooley
11/5/2024,Virginia,VA,Stein,green,0.7745451767686189,34880,4503288,,JJCooley
11/5/2024,Virginia,VA,West,independent,0.19929882343745284,8975,4503288,,JJCooley
11/5/2024,Virginia,VA,Oliver,libertarian,0.4397231533936981,19802,4503288,,JJCooley
11/5/2024,Virginia,VA,Trump,republican,46.05739184347081,2074097,4503288,,JJCooley
11/5/2024,Vermont,VT,Harris,democratic,63.82700543010432,235791,369422,,JJCooley
11/5/2024,Vermont,VT,West,independent,0.41930366897477683,1549,369422,,JJCooley
11/5/2024,Vermont,VT,Kennedy,independent,1.5984429730768608,5905,369422,,JJCooley
11/5/2024,Vermont,VT,Oliver,libertarian,0.494827054154869,1828,369422,,JJCooley
11/5/2024,Vermont,VT,Trump,republican,32.319407073753055,119395,369422,,JJCooley
11/5/2024,Washington,WA,Harris,democratic,57.230091393376306,2245849,3924245,,JJCooley
11/5/2024,Washington,WA,Stein,green,0.7582095409435445,29754,3924245,,JJCooley
11/5/2024,Washington,WA,West,independent,0.1848508439202955,7254,3924245,,JJCooley
11/5/2024,Washington,WA,Kennedy,independent,1.3981797772565168,54868,3924245,,JJCooley
11/5/2024,Washington,WA,Oliver,libertarian,0.41862829665324164,16428,3924245,,JJCooley
11/5/2024,Washington,WA,Trump,republican,39.01191184546327,1530923,3924245,,JJCooley
11/5/2024,Wisconsin,WI,Harris,democratic,48.73704248830968,1668229,3422918,,JJCooley
11/5/2024,Wisconsin,WI,Stein,green,0.35861215489240467,12275,3422918,,JJCooley
11/5/2024,Wisconsin,WI,West,independent,0.08042845315020693,2753,3422918,,JJCooley
11/5/2024,Wisconsin,WI,Kennedy,independent,0.5182712527732186,17740,3422918,,JJCooley
11/5/2024,Wisconsin,WI,Oliver,libertarian,0.3070771780101072,10511,3422918,,JJCooley
11/5/2024,Wisconsin,WI,Trump,republican,49.5958711251628,1697626,3422918,,JJCooley
11/5/2024,West Virginia,WV,Harris,democratic,28.096517908647545,214309,762760,,JJCooley
11/5/2024,West Virginia,WV,Stein,green,0.3318212806125125,2531,762760,,JJCooley
11/5/2024,West Virginia,WV,Kennedy,independent,1.172977083224081,8947,762760,,JJCooley
11/5/2024,West Virginia,WV,Oliver,libertarian,0.39947034453825575,3047,762760,,JJCooley
11/5/2024,West Virginia,WV,Trump,republican,69.95070533326341,533556,762760,,JJCooley
11/5/2024,Wyoming,WY,Harris,democratic,25.84185721506943,69527,269048,,JJCooley
11/5/2024,Wyoming,WY,Oliver,libertarian,1.5584579703249979,4193,269048,,JJCooley
11/5/2024,Wyoming,WY,Trump,republican,71.59800481698433,192633,269048,,JJCooley
11/5/2024,National Popular Vote,NPV,Harris,democratic,48.3270771656,75017613,155238302,,JJCooley
11/5/2024,National Popular Vote,NPV,Stein,green,0.504107652,782521,155238302,,JJCooley
11/5/2024,National Popular Vote,NPV,Sonski,independent,0.0004522352393,702,155238302,,JJCooley
11/5/2024,National Popular Vote,NPV,Terry,independent,0.000523098311,812,155238302,,JJCooley
11/5/2024,National Popular Vote,NPV,None,independent,0.0126426162,19625,155238302,,JJCooley
11/5/2024,National Popular Vote,NPV,West,independent,0.0463122384,71890,155238302,,JJCooley
11/5/2024,National Popular Vote,NPV,Kennedy,independent,0.4872757399,756393,155238302,,JJCooley
11/5/2024,National Popular Vote,NPV,Oliver,libertarian,0.4131175354,641278,155238302,,JJCooley
11/5/2024,National Popular Vote,NPV,Trump,republican,49.7990751686,77302580,155238302,,JJCooley
