date,region,state_po,class,special,runoff,offyear,candidate,party,writein,voteshare,candidatevotes,totalvotes,version
11/8/2016,Alabama,AL,3,FALSE,FALSE,FALSE,Crumpton,democrat,FALSE,0.358672615888139,,,20210114
11/8/2016,Alabama,AL,3,FALSE,FALSE,FALSE,Shelby,republican,FALSE,0.639587936251224,,,20210114
11/8/2016,Alaska,AK,3,FALSE,FALSE,FALSE,Miller,libertarian,FALSE,0.291628269880973,,,20210114
11/8/2016,Alaska,AK,3,FALSE,FALSE,FALSE,Gianoutsos,independent,FALSE,0.00564472885715111,,,20210114
11/8/2016,Alaska,AK,3,FALSE,FALSE,FALSE,Metcalfe,democrat,FALSE,0.116233893418015,,,20210114
11/8/2016,Alaska,AK,3,FALSE,FALSE,FALSE,Stock,independent,FALSE,0.132269033300047,,,20210114
11/8/2016,Alaska,AK,3,FALSE,FALSE,FALSE,Craig,independent,FALSE,0.00837718861678456,,,20210114
11/8/2016,Alaska,AK,3,FALSE,FALSE,FALSE,Murkowski,republican,FALSE,0.443580003917275,,,20210114
11/8/2016,Arizona,AZ,3,FALSE,FALSE,FALSE,Camboni,none,TRUE,0.0000177814306543962,,,20210114
11/8/2016,Arizona,AZ,3,FALSE,FALSE,FALSE,Kirkpatrick,democrat,FALSE,0.407489143448728,,,20210114
11/8/2016,Arizona,AZ,3,FALSE,FALSE,FALSE,Clark,independent,TRUE,0.0000327968609847751,,,20210114
11/8/2016,Arizona,AZ,3,FALSE,FALSE,FALSE,Dudikoff,republican,TRUE,0.000195200594294927,,,20210114
11/8/2016,Arizona,AZ,3,FALSE,FALSE,FALSE,McCain,republican,FALSE,0.53710470891798,,,20210114
11/8/2016,Arizona,AZ,3,FALSE,FALSE,FALSE,Swing,green,FALSE,0.0547802412742568,,,20210114
11/8/2016,Arkansas,AR,3,FALSE,FALSE,FALSE,Boozman,republican,FALSE,0.597716343332232,,,20210114
11/8/2016,Arkansas,AR,3,FALSE,FALSE,FALSE,Eldridge,democrat,FALSE,0.361710196276011,,,20210114
11/8/2016,Arkansas,AR,3,FALSE,FALSE,FALSE,Gilbert,libertarian,FALSE,0.0396073396284679,,,20210114
11/8/2016,California,CA,3,FALSE,FALSE,FALSE,Sanchez,democrat,FALSE,0.383971882128393,,,20210114
11/8/2016,California,CA,3,FALSE,FALSE,FALSE,Harris,democrat,FALSE,0.616028117871607,,,20210114
11/8/2016,Colorado,CO,3,FALSE,FALSE,FALSE,Fiorino,none,FALSE,0.00117242910467758,,,20210114
11/8/2016,Colorado,CO,3,FALSE,FALSE,FALSE,Chapin,none,FALSE,0.00304809693538844,,,20210114
11/8/2016,Colorado,CO,3,FALSE,FALSE,FALSE,Bennet,democrat,FALSE,0.499707804127053,,,20210114
11/8/2016,Colorado,CO,3,FALSE,FALSE,FALSE,Williams,libertarian,FALSE,0.0361925510650111,,,20210114
11/8/2016,Colorado,CO,3,FALSE,FALSE,FALSE,Hammons,unity party of colorado,FALSE,0.00340354419193714,,,20210114
11/8/2016,Colorado,CO,3,FALSE,FALSE,FALSE,Glenn,republican,FALSE,0.443057896342831,,,20210114
11/8/2016,Colorado,CO,3,FALSE,FALSE,FALSE,Menconi,green,FALSE,0.0134176782331027,,,20210114
11/8/2016,Connecticut,CT,3,FALSE,FALSE,FALSE,Blumenthal,democrat,FALSE,0.576821301579426,,,20210114
11/8/2016,Connecticut,CT,3,FALSE,FALSE,FALSE,Blumenthal,working families,FALSE,0.0550957353239665,,,20210114
11/8/2016,Connecticut,CT,3,FALSE,FALSE,FALSE,Carter,republican,FALSE,0.346193891281959,,,20210114
11/8/2016,Connecticut,CT,3,FALSE,FALSE,FALSE,Lion,libertarian,FALSE,0.0113952724967362,,,20210114
11/8/2016,Connecticut,CT,3,FALSE,FALSE,FALSE,Russell,green,FALSE,0.0104699939108275,,,20210114
11/8/2016,Florida,FL,3,FALSE,FALSE,FALSE,Tolbert,,TRUE,0.00000602032720478358,,,20210114
11/8/2016,Florida,FL,3,FALSE,FALSE,FALSE,Machat,none,FALSE,0.00289384228032794,,,20210114
11/8/2016,Florida,FL,3,FALSE,FALSE,FALSE,Murphy,democrat,FALSE,0.443148545123427,,,20210114
11/8/2016,Florida,FL,3,FALSE,FALSE,FALSE,Stanton,libertarian,FALSE,0.0211739208025956,,,20210114
11/8/2016,Florida,FL,3,FALSE,FALSE,FALSE,Dalack,none,FALSE,0.00239049992367085,,,20210114
11/8/2016,Florida,FL,3,FALSE,FALSE,FALSE,Nathan,none,FALSE,0.00563878896818042,,,20210114
11/8/2016,Florida,FL,3,FALSE,FALSE,FALSE,Rubio,republican,FALSE,0.519811284243299,,,20210114
11/8/2016,Florida,FL,3,FALSE,FALSE,FALSE,Khoury,none,FALSE,0.00492591772362828,,,20210114
11/8/2016,Georgia,GA,3,FALSE,FALSE,FALSE,Barksdale,democrat,FALSE,0.410332926777655,,,20210114
11/8/2016,Georgia,GA,3,FALSE,FALSE,FALSE,Buckley,libertarian,FALSE,0.0416200153644701,,,20210114
11/8/2016,Georgia,GA,3,FALSE,FALSE,FALSE,Isakson,republican,FALSE,0.547838521727644,,,20210114
11/8/2016,Hawaii,HI,3,FALSE,FALSE,FALSE,Giuffre,american shopping party,FALSE,0.00334132084115893,,,20210114
11/8/2016,Hawaii,HI,3,FALSE,FALSE,FALSE,Allison,constitution,FALSE,0.021834920040969,,,20210114
11/8/2016,Hawaii,HI,3,FALSE,FALSE,FALSE,Kokoski,libertarian,FALSE,0.0163324146500008,,,20210114
11/8/2016,Hawaii,HI,3,FALSE,FALSE,FALSE,Schatz,democrat,FALSE,0.735435990798775,,,20210114
11/8/2016,Hawaii,HI,3,FALSE,FALSE,FALSE,Carroll,republican,FALSE,0.222242210980545,,,20210114
11/8/2016,Idaho,ID,3,FALSE,FALSE,FALSE,Writz,constitution,FALSE,0.061385123640718,,,20210114
11/8/2016,Idaho,ID,3,FALSE,FALSE,FALSE,Crapo,republican,FALSE,0.66134712339622,,,20210114
11/8/2016,Idaho,ID,3,FALSE,FALSE,FALSE,Sturgill,democrat,FALSE,0.277267752963062,,,20210114
11/8/2016,Illinois,IL,3,FALSE,FALSE,FALSE,Summers,green,FALSE,0.0214168996470788,,,20210114
11/8/2016,Illinois,IL,3,FALSE,FALSE,FALSE,McMillen,libertarian,FALSE,0.0320451401141832,,,20210114
11/8/2016,Illinois,IL,3,FALSE,FALSE,FALSE,Kirk,republican,FALSE,0.397804175547964,,,20210114
11/8/2016,Illinois,IL,3,FALSE,FALSE,FALSE,Duckworth,democrat,FALSE,0.548617431049998,,,20210114
11/8/2016,Indiana,IN,3,FALSE,FALSE,FALSE,Bayh,democrat,FALSE,0.424127169313893,,,20210114
11/8/2016,Indiana,IN,3,FALSE,FALSE,FALSE,Young,republican,FALSE,0.521122425752394,,,20210114
11/8/2016,Indiana,IN,3,FALSE,FALSE,FALSE,Brenton,libertarian,FALSE,0.0547039281314935,,,20210114
11/8/2016,Iowa,IA,3,FALSE,FALSE,FALSE,Grassley,republican,FALSE,0.600899005604022,,,20210114
11/8/2016,Iowa,IA,3,FALSE,FALSE,FALSE,Judge,democrat,FALSE,0.356552345305366,,,20210114
11/8/2016,Iowa,IA,3,FALSE,FALSE,FALSE,Luick-Thrams,nominated by petition,FALSE,0.0028818275497782,,,20210114
11/8/2016,Iowa,IA,3,FALSE,FALSE,FALSE,Aldrich,libertarian,FALSE,0.0271207161935218,,,20210114
11/8/2016,Iowa,IA,3,FALSE,FALSE,FALSE,Hennager,new independent party iowa,FALSE,0.0114526850767925,,,20210114
11/8/2016,Kansas,KS,3,FALSE,FALSE,FALSE,Wiesner,democrat,FALSE,0.322381278217064,,,20210114
11/8/2016,Kansas,KS,3,FALSE,FALSE,FALSE,Garrard,libertarian,FALSE,0.0558271260745618,,,20210114
11/8/2016,Kansas,KS,3,FALSE,FALSE,FALSE,Moran,republican,FALSE,0.621752543886607,,,20210114
11/8/2016,Kentucky,KY,3,FALSE,FALSE,FALSE,Paul,republican,FALSE,0.572732884502736,,,20210114
11/8/2016,Kentucky,KY,3,FALSE,FALSE,FALSE,Gray,democrat,FALSE,0.427245050473741,,,20210114
11/8/2016,Louisiana,LA,3,FALSE,FALSE,FALSE,Boustany,republican,FALSE,0.149211553270599,,,20210114
11/8/2016,Louisiana,LA,3,FALSE,FALSE,FALSE,Edwards,democrat,FALSE,0.0259230589750343,,,20210114
11/8/2016,Louisiana,LA,3,FALSE,FALSE,FALSE,Vinnymendoza,democrat,FALSE,0.00246693150171889,,,20210114
11/8/2016,Louisiana,LA,3,FALSE,FALSE,FALSE,Fleming,republican,FALSE,0.102155097740958,,,20210114
11/8/2016,Louisiana,LA,3,FALSE,FALSE,FALSE,Fayard,democrat,FALSE,0.120626291171019,,,20210114
11/8/2016,Louisiana,LA,3,FALSE,FALSE,FALSE,Williams,democrat,FALSE,0.00343227429354232,,,20210114
11/8/2016,Louisiana,LA,3,FALSE,FALSE,FALSE,Gillam,libertarian,FALSE,0.00203633253856114,,,20210114
11/8/2016,Louisiana,LA,3,FALSE,FALSE,FALSE,Maness,republican,FALSE,0.0454912783682102,,,20210114
11/8/2016,Louisiana,LA,3,FALSE,FALSE,FALSE,Marone,none,FALSE,0.00205686109378145,,,20210114
11/8/2016,Louisiana,LA,3,FALSE,FALSE,FALSE,Pellerin,democrat,FALSE,0.00370265038668788,,,20210114
11/8/2016,Louisiana,LA,3,FALSE,FALSE,FALSE,Lang,other,FALSE,0.000712991771554232,,,20210114
11/8/2016,Louisiana,LA,3,FALSE,FALSE,FALSE,Billiot,none,FALSE,0.00968947806398701,,,20210114
11/8/2016,Louisiana,LA,3,FALSE,FALSE,FALSE,Wells,none,FALSE,0.000742532863212729,,,20210114
11/8/2016,Louisiana,LA,3,FALSE,FALSE,FALSE,Hebert,none,FALSE,0.00475811854289316,,,20210114
11/8/2016,Louisiana,LA,3,FALSE,FALSE,FALSE,Kennedy,republican,FALSE,0.268468940295952,,,20210114
11/8/2016,Louisiana,LA,3,FALSE,FALSE,FALSE,Taylor,other,FALSE,0.000576301635575085,,,20210114
11/8/2016,Louisiana,LA,3,FALSE,FALSE,FALSE,Clements,libertarian,FALSE,0.00569291885012052,,,20210114
11/8/2016,Louisiana,LA,3,FALSE,FALSE,FALSE,Landrieu,democrat,FALSE,0.0228252499226424,,,20210114
11/8/2016,Louisiana,LA,3,FALSE,FALSE,FALSE,Campbell,democrat,FALSE,0.174150242987996,,,20210114
11/8/2016,Louisiana,LA,3,FALSE,FALSE,FALSE,Patel,republican,FALSE,0.000789097634810021,,,20210114
11/8/2016,Louisiana,LA,3,FALSE,FALSE,FALSE,Cao,republican,FALSE,0.0105241390774567,,,20210114
11/8/2016,Louisiana,LA,3,FALSE,FALSE,FALSE,Duke,republican,FALSE,0.0293438172497945,,,20210114
11/8/2016,Louisiana,LA,3,FALSE,FALSE,FALSE,Crawford,republican,FALSE,0.0127792759728783,,,20210114
11/8/2016,Louisiana,LA,3,FALSE,FALSE,FALSE,Marsala,republican,FALSE,0.0018445657910153,,,20210114
11/8/2016,Maryland,MD,3,FALSE,FALSE,FALSE,Hollen,democrat,FALSE,0.608878756643936,,,20210114
11/8/2016,Maryland,MD,3,FALSE,FALSE,FALSE,Flowers,green,FALSE,0.0330023439477362,,,20210114
11/8/2016,Maryland,MD,3,FALSE,FALSE,FALSE,Szeliga,republican,FALSE,0.356748478634861,,,20210114
11/8/2016,Missouri,MO,3,FALSE,FALSE,FALSE,Blunt,republican,FALSE,0.491843217655372,,,20210114
11/8/2016,Missouri,MO,3,FALSE,FALSE,FALSE,McFarland,green,FALSE,0.0109693121156968,,,20210114
11/8/2016,Missouri,MO,3,FALSE,FALSE,FALSE,Wallace,,TRUE,3.56806821575538E-07,,,20210114
11/8/2016,Missouri,MO,3,FALSE,FALSE,FALSE,Ryman,constitution,FALSE,0.00906539091576968,,,20210114
11/8/2016,Missouri,MO,3,FALSE,FALSE,FALSE,Kander,democrat,FALSE,0.463920229412514,,,20210114
11/8/2016,Missouri,MO,3,FALSE,FALSE,FALSE,Dine,libertarian,FALSE,0.0241693804798838,,,20210114
11/8/2016,Nevada,NV,3,FALSE,FALSE,FALSE,Heck,republican,FALSE,0.446703672491234,,,20210114
11/8/2016,Nevada,NV,3,FALSE,FALSE,FALSE,Sawyer,none,FALSE,0.0128197030751768,,,20210114
11/8/2016,Nevada,NV,3,FALSE,FALSE,FALSE,Masto,democrat,FALSE,0.470988744863727,,,20210114
11/8/2016,Nevada,NV,3,FALSE,FALSE,FALSE,Gumina,none,FALSE,0.00969056946983382,,,20210114
11/8/2016,Nevada,NV,3,FALSE,FALSE,FALSE,Jones,independent american,FALSE,0.0154543830427666,,,20210114
11/8/2016,Nevada,NV,3,FALSE,FALSE,FALSE,None,,FALSE,0.0381279696542614,,,20210114
11/8/2016,Nevada,NV,3,FALSE,FALSE,FALSE,Williams,none,FALSE,0.00621495740299957,,,20210114
11/8/2016,New Hampshire,NH,3,FALSE,FALSE,FALSE,Ayotte,republican,FALSE,0.478437102578673,,,20210114
11/8/2016,New Hampshire,NH,3,FALSE,FALSE,FALSE,Hassan,democrat,FALSE,0.479813025949076,,,20210114
11/8/2016,New Hampshire,NH,3,FALSE,FALSE,FALSE,Chabot,libertarian,FALSE,0.0170427794463836,,,20210114
11/8/2016,New Hampshire,NH,3,FALSE,FALSE,FALSE,Day,independent,FALSE,0.0240035717184836,,,20210114
11/8/2016,New York,NY,3,FALSE,FALSE,FALSE,Merced,libertarian,FALSE,0.00650302941356921,,,20210114
11/8/2016,New York,NY,3,FALSE,FALSE,FALSE,Schumer,working families,FALSE,0.032659340504896,,,20210114
11/8/2016,New York,NY,3,FALSE,FALSE,FALSE,Long,republican,FALSE,0.232969971277532,,,20210114
11/8/2016,New York,NY,3,FALSE,FALSE,FALSE,Long,reform,FALSE,0.00240723307794743,,,20210114
11/8/2016,New York,NY,3,FALSE,FALSE,FALSE,Schumer,women's equality,FALSE,0.00613558615645704,,,20210114
11/8/2016,New York,NY,3,FALSE,FALSE,FALSE,Schumer,democrat,FALSE,0.64653526279558,,,20210114
11/8/2016,New York,NY,3,FALSE,FALSE,FALSE,Long,conservative,FALSE,0.0361649843198083,,,20210114
11/8/2016,New York,NY,3,FALSE,FALSE,FALSE,Wilson,green,FALSE,0.0153265325924466,,,20210114
11/8/2016,New York,NY,3,FALSE,FALSE,FALSE,Schumer,independence,FALSE,0.0203593835602184,,,20210114
11/8/2016,North Carolina,NC,3,FALSE,FALSE,FALSE,Ross,democrat,FALSE,0.45365693106548,,,20210114
11/8/2016,North Carolina,NC,3,FALSE,FALSE,FALSE,Burr,republican,FALSE,0.510617797448932,,,20210114
11/8/2016,North Carolina,NC,3,FALSE,FALSE,FALSE,Haugh,libertarian,FALSE,0.0357252714855878,,,20210114
11/8/2016,North Dakota,ND,3,FALSE,FALSE,FALSE,Germalic,independent,FALSE,0.0136495951836637,,,20210114
11/8/2016,North Dakota,ND,3,FALSE,FALSE,FALSE,Hoeven,republican,FALSE,0.784780190422802,,,20210114
11/8/2016,North Dakota,ND,3,FALSE,FALSE,FALSE,Glassheim,democrat,FALSE,0.169681256405091,,,20210114
11/8/2016,North Dakota,ND,3,FALSE,FALSE,FALSE,Marquette,libertarian,FALSE,0.0308203479697869,,,20210114
11/8/2016,Ohio,OH,3,FALSE,FALSE,FALSE,Rupert,none,FALSE,0.0143819578263708,,,20210114
11/8/2016,Ohio,OH,3,FALSE,FALSE,FALSE,Strickland,democrat,FALSE,0.371575560403441,,,20210114
11/8/2016,Ohio,OH,3,FALSE,FALSE,FALSE,Demare,green,FALSE,0.0164204144123626,,,20210114
11/8/2016,Ohio,OH,3,FALSE,FALSE,FALSE,Connors,none,FALSE,0.0173126462087871,,,20210114
11/8/2016,Ohio,OH,3,FALSE,FALSE,FALSE,Portman,republican,FALSE,0.580288766773772,,,20210114
11/8/2016,Oklahoma,OK,3,FALSE,FALSE,FALSE,Workman,democrat,FALSE,0.245786911612676,,,20210114
11/8/2016,Oklahoma,OK,3,FALSE,FALSE,FALSE,Lankford,republican,FALSE,0.677389615116084,,,20210114
11/8/2016,Oklahoma,OK,3,FALSE,FALSE,FALSE,Braddy,independent,FALSE,0.0279030998303232,,,20210114
11/8/2016,Oklahoma,OK,3,FALSE,FALSE,FALSE,Murphy,libertarian,FALSE,0.0299859051536311,,,20210114
11/8/2016,Oklahoma,OK,3,FALSE,FALSE,FALSE,Beard,independent,FALSE,0.0189344682872863,,,20210114
11/8/2016,Oregon,OR,3,FALSE,FALSE,FALSE,Navickas,pacific green,FALSE,0.0250056594747803,,,20210114
11/8/2016,Oregon,OR,3,FALSE,FALSE,FALSE,Wyden,democrat,FALSE,0.566008426215302,,,20210114
11/8/2016,Oregon,OR,3,FALSE,FALSE,FALSE,Lewallen,working families,FALSE,0.0317109847076382,,,20210114
11/8/2016,Oregon,OR,3,FALSE,FALSE,FALSE,Reynolds,independent,FALSE,0.0304822896852103,,,20210114
11/8/2016,Oregon,OR,3,FALSE,FALSE,FALSE,Callahan,republican,FALSE,0.333476740839077,,,20210114
11/8/2016,Oregon,OR,3,FALSE,FALSE,FALSE,Lindsay,libertarian,FALSE,0.0122618539107739,,,20210114
11/8/2016,Pennsylvania,PA,3,FALSE,FALSE,FALSE,McGinty,democrat,FALSE,0.473410471101758,,,20210114
11/8/2016,Pennsylvania,PA,3,FALSE,FALSE,FALSE,Clifford,libertarian,FALSE,0.0388545266113404,,,20210114
11/8/2016,Pennsylvania,PA,3,FALSE,FALSE,FALSE,Toomey,republican,FALSE,0.487735002286902,,,20210114
11/8/2016,South Carolina,SC,3,FALSE,FALSE,FALSE,Dixon,democrat,FALSE,0.343695988034497,,,20210114
11/8/2016,South Carolina,SC,3,FALSE,FALSE,FALSE,Bledsoe,libertarian,FALSE,0.0121128273524521,,,20210114
11/8/2016,South Carolina,SC,3,FALSE,FALSE,FALSE,Dixon,working families,FALSE,0.0183472991029288,,,20210114
11/8/2016,South Carolina,SC,3,FALSE,FALSE,FALSE,Bledsoe,constitution,FALSE,0.00617202946690388,,,20210114
11/8/2016,South Carolina,SC,3,FALSE,FALSE,FALSE,Scott,republican,FALSE,0.605694541129708,,,20210114
11/8/2016,South Carolina,SC,3,FALSE,FALSE,FALSE,Scarborough,american,FALSE,0.00581640114874289,,,20210114
11/8/2016,South Carolina,SC,3,FALSE,FALSE,FALSE,Dixon,green,FALSE,0.0072550128226205,,,20210114
11/8/2016,South Dakota,SD,3,FALSE,FALSE,FALSE,Thune,republican,FALSE,0.718278615794144,,,20210114
11/8/2016,South Dakota,SD,3,FALSE,FALSE,FALSE,Williams,democrat,FALSE,0.281721384205856,,,20210114
11/8/2016,Utah,UT,3,FALSE,FALSE,FALSE,Lee,republican,FALSE,0.681455346666272,,,20210114
11/8/2016,Utah,UT,3,FALSE,FALSE,FALSE,Barron,none,FALSE,0.0234550006588483,,,20210114
11/8/2016,Utah,UT,3,FALSE,FALSE,FALSE,Fonua,independent american,FALSE,0.0245064688149604,,,20210114
11/8/2016,Utah,UT,3,FALSE,FALSE,FALSE,Snow,democrat,FALSE,0.270583183859919,,,20210114
11/8/2016,Vermont,VT,3,FALSE,FALSE,FALSE,Milne,republican,FALSE,0.329765332909076,,,20210114
11/8/2016,Vermont,VT,3,FALSE,FALSE,FALSE,Ericson,united states marijuana,FALSE,0.0291337204677432,,,20210114
11/8/2016,Vermont,VT,3,FALSE,FALSE,FALSE,Trudell,independent,FALSE,0.0166192029273725,,,20210114
11/8/2016,Vermont,VT,3,FALSE,FALSE,FALSE,Diamondstone,liberty union,FALSE,0.01031262429401,,,20210114
11/8/2016,Vermont,VT,3,FALSE,FALSE,FALSE,Leahy,democrat,FALSE,0.61170312624294,,,20210114
11/8/2016,Washington,WA,3,FALSE,FALSE,FALSE,Vance,republican,FALSE,0.409869895542126,,,20210114
11/8/2016,Washington,WA,3,FALSE,FALSE,FALSE,Murray,democrat,FALSE,0.590130104457874,,,20210114
11/8/2016,Wisconsin,WI,3,FALSE,FALSE,FALSE,Feingold,democrat,FALSE,0.468109949297005,,,20210114
11/8/2016,Wisconsin,WI,3,FALSE,FALSE,FALSE,Anderson,libertarian,FALSE,0.0296841940339962,,,20210114
11/8/2016,Wisconsin,WI,3,FALSE,FALSE,FALSE,Johnson,republican,FALSE,0.501729721260701,,,20210114
11/8/2016,National Popular Vote,NPV,1,FALSE,FALSE,FALSE,Republican,republican,FALSE,0.4216288728,,,20210915
11/8/2016,National Popular Vote,NPV,1,FALSE,FALSE,FALSE,Democratic,democrat,FALSE,0.5297596613,,,20210915
11/8/2016,National Popular Vote,NPV,1,FALSE,FALSE,FALSE,Libertarian,libertarian,FALSE,0.01845954828,,,20210915
12/10/2016,Louisiana,LA,3,FALSE,TRUE,FALSE,Kennedy,republican,FALSE,0.606546102,,,20210325
12/10/2016,Louisiana,LA,3,FALSE,TRUE,FALSE,Campbell,democrat,FALSE,0.393453898,,,20210325
12/12/2017,Alabama,AL,2,TRUE,FALSE,TRUE,Jones,democrat,FALSE,0.4996559701,,,20210325
12/12/2017,Alabama,AL,2,TRUE,FALSE,TRUE,Moore,republican,FALSE,0.4834005576,,,20210325
11/6/2018,Arizona,AZ,1,FALSE,FALSE,FALSE,McSally,republican,FALSE,0.476112985402893,,,20210114
11/6/2018,Arizona,AZ,1,FALSE,FALSE,FALSE,Sinema,democrat,FALSE,0.499557943017429,,,20210114
11/6/2018,Arizona,AZ,1,FALSE,FALSE,FALSE,Green,green,FALSE,0.02409168614122,,,20210114
11/6/2018,California,CA,1,FALSE,FALSE,FALSE,Feinstein,democrat,FALSE,0.541638157447196,,,20210114
11/6/2018,California,CA,1,FALSE,FALSE,FALSE,Leon,democrat,FALSE,0.458361842552804,,,20210114
11/6/2018,Connecticut,CT,1,FALSE,FALSE,FALSE,Murphy,democrat,FALSE,0.567971070923827,,,20210114
11/6/2018,Connecticut,CT,1,FALSE,FALSE,FALSE,Corey,republican,FALSE,0.393496726370742,,,20210114
11/6/2018,Connecticut,CT,1,FALSE,FALSE,FALSE,Murphy,working families,FALSE,0.0273239883476104,,,20210114
11/6/2018,Connecticut,CT,1,FALSE,FALSE,FALSE,Lion,libertarian,FALSE,0.00637276109717055,,,20210114
11/6/2018,Connecticut,CT,1,FALSE,FALSE,FALSE,Russell,green,FALSE,0.00477199965388942,,,20210114
11/6/2018,Delaware,DE,1,FALSE,FALSE,FALSE,Carper,democrat,FALSE,0.599530601888624,,,20210114
11/6/2018,Delaware,DE,1,FALSE,FALSE,FALSE,Arlett,republican,FALSE,0.37818539846439,,,20210114
11/6/2018,Delaware,DE,1,FALSE,FALSE,FALSE,Theodoropoulos,green,FALSE,0.0115005295207837,,,20210114
11/6/2018,Delaware,DE,1,FALSE,FALSE,FALSE,Frost,libertarian,FALSE,0.0107834701262025,,,20210114
11/6/2018,Florida,FL,1,FALSE,FALSE,FALSE,Scott,republican,FALSE,0.50054975546413,,,20210114
11/6/2018,Florida,FL,1,FALSE,FALSE,FALSE,Nelson,democrat,FALSE,0.499324725686981,,,20210114
11/6/2018,Hawaii,HI,1,FALSE,FALSE,FALSE,Hirono,democrat,FALSE,0.711510978470507,,,20210114
11/6/2018,Hawaii,HI,1,FALSE,FALSE,FALSE,Curtis,republican,FALSE,0.288489021529493,,,20210114
11/6/2018,Indiana,IN,1,FALSE,FALSE,FALSE,Braun,republican,FALSE,0.507323997345092,,,20210114
11/6/2018,Indiana,IN,1,FALSE,FALSE,FALSE,Donnelly,democrat,FALSE,0.448422279321728,,,20210114
11/6/2018,Indiana,IN,1,FALSE,FALSE,FALSE,Brenton,libertarian,FALSE,0.0442230560794545,,,20210114
11/6/2018,Maine,ME,1,FALSE,FALSE,FALSE,Brakey,republican,FALSE,0.352299541778253,,,20210114
11/6/2018,Maine,ME,1,FALSE,FALSE,FALSE,King,democrat,FALSE,0.543143303452505,,,20210114
11/6/2018,Maine,ME,1,FALSE,FALSE,FALSE,Ringelstein,democrat,FALSE,0.104456273476574,,,20210114
11/6/2018,Maine,ME,1,FALSE,FALSE,FALSE,Others,na,FALSE,0.000100881292667664,,,20210114
11/6/2018,Maryland,MD,1,FALSE,FALSE,FALSE,Campbell,republican,FALSE,0.303065495769578,,,20210114
11/6/2018,Maryland,MD,1,FALSE,FALSE,FALSE,Cardin,democrat,FALSE,0.648559126114347,,,20210114
11/6/2018,Maryland,MD,1,FALSE,FALSE,FALSE,Vohra,libertarian,FALSE,0.00997569882720427,,,20210114
11/6/2018,Maryland,MD,1,FALSE,FALSE,FALSE,Simon,unaffiliated,FALSE,0.0373774560424438,,,20210114
11/6/2018,Massachusetts,MA,1,FALSE,FALSE,FALSE,Warren,democrat,FALSE,0.603367823012903,,,20210114
11/6/2018,Massachusetts,MA,1,FALSE,FALSE,FALSE,Diehl,republican,FALSE,0.361720519081375,,,20210114
11/6/2018,Massachusetts,MA,1,FALSE,FALSE,FALSE,Ayyadurai,unenrolled,FALSE,0.0338777063193318,,,20210114
11/6/2018,Massachusetts,MA,1,FALSE,FALSE,FALSE,Others,na,FALSE,0.00103395158638981,,,20210114
11/6/2018,Michigan,MI,1,FALSE,FALSE,FALSE,James,republican,FALSE,0.457562898384361,,,20210114
11/6/2018,Michigan,MI,1,FALSE,FALSE,FALSE,Stabenow,democrat,FALSE,0.522618921470918,,,20210114
11/6/2018,Michigan,MI,1,FALSE,FALSE,FALSE,Huffman,us taxpayers,FALSE,0.00643126200802356,,,20210114
11/6/2018,Michigan,MI,1,FALSE,FALSE,FALSE,Squier,green,FALSE,0.00948818237020951,,,20210114
11/6/2018,Michigan,MI,1,FALSE,FALSE,FALSE,Wilhelm,natural law,FALSE,0.00389448774930846,,,20210114
11/6/2018,Minnesota,MN,1,FALSE,FALSE,FALSE,Newberger,republican,FALSE,0.362141247243326,,,20210114
11/6/2018,Minnesota,MN,1,FALSE,FALSE,FALSE,Klobuchar,democrat,FALSE,0.603098565624351,,,20210114
11/6/2018,Minnesota,MN,1,FALSE,FALSE,FALSE,Schuller,legal marijuana now,FALSE,0.025506001627338,,,20210114
11/6/2018,Minnesota,MN,1,FALSE,FALSE,FALSE,Overby,minnesota green,FALSE,0.00889567823529706,,,20210114
11/6/2018,Minnesota,MN,2,TRUE,FALSE,FALSE,Housley,republican,FALSE,0.423512265030402,,,20210114
11/6/2018,Minnesota,MN,2,TRUE,FALSE,FALSE,Smith,democrat,FALSE,0.529706774019501,,,20210114
11/6/2018,Minnesota,MN,2,TRUE,FALSE,FALSE,Wellington,legal marijuana now,FALSE,0.0369543271200407,,,20210114
11/6/2018,Minnesota,MN,2,TRUE,FALSE,FALSE,Trooien,unaffiliated,FALSE,0.0094011029019586,,,20210114
11/6/2018,Mississippi,MS,1,FALSE,FALSE,FALSE,Baria,democrat,FALSE,0.394745864998959,,,20210114
11/6/2018,Mississippi,MS,1,FALSE,FALSE,FALSE,Wicker,republican,FALSE,0.584928675571316,,,20210114
11/6/2018,Mississippi,MS,1,FALSE,FALSE,FALSE,Bedwell,libertarian,FALSE,0.0138654048482453,,,20210114
11/6/2018,Mississippi,MS,1,FALSE,FALSE,FALSE,O'Hara,reform,FALSE,0.00646005458147968,,,20210114
11/6/2018,Mississippi,MS,2,TRUE,FALSE,FALSE,Hyde-Smith,republican,FALSE,0.536332564996452,,,20210114
11/6/2018,Mississippi,MS,2,TRUE,FALSE,FALSE,Espy,democrat,FALSE,0.463667435003548,,,20210114
11/6/2018,Missouri,MO,1,FALSE,FALSE,FALSE,Hawley,republican,FALSE,0.513832310590598,,,20210114
11/6/2018,Missouri,MO,1,FALSE,FALSE,FALSE,McCaskill,democrat,FALSE,0.455693408929083,,,20210114
11/6/2018,Missouri,MO,1,FALSE,FALSE,FALSE,Campbell,libertarian,FALSE,0.0111845895387483,,,20210114
11/6/2018,Missouri,MO,1,FALSE,FALSE,FALSE,Crain,green,FALSE,0.00520249651044573,,,20210114
11/6/2018,Missouri,MO,1,FALSE,FALSE,FALSE,O'Dear,independent,FALSE,0.0140843282674573,,,20210114
11/6/2018,Montana,MT,1,FALSE,FALSE,FALSE,Tester,democrat,FALSE,0.503338726049994,,,20210114
11/6/2018,Montana,MT,1,FALSE,FALSE,FALSE,Breckenridge,libertarian,FALSE,0.0288371558177896,,,20210114
11/6/2018,Montana,MT,1,FALSE,FALSE,FALSE,Rosendale,republican,FALSE,0.467824118132217,,,20210114
11/6/2018,Nebraska,NE,1,FALSE,FALSE,FALSE,Fischer,republican,FALSE,0.576850488565325,,,20210114
11/6/2018,Nebraska,NE,1,FALSE,FALSE,FALSE,Raybould,democrat,FALSE,0.386211998288698,,,20210114
11/6/2018,Nebraska,NE,1,FALSE,FALSE,FALSE,Schultz,libertarian,FALSE,0.0362707348726468,,,20210114
11/6/2018,Nevada,NV,1,FALSE,FALSE,FALSE,Rosen,democrat,FALSE,0.504119810889879,,,20210114
11/6/2018,Nevada,NV,1,FALSE,FALSE,FALSE,Heller,republican,FALSE,0.453849888698243,,,20210114
11/6/2018,Nevada,NV,1,FALSE,FALSE,FALSE,Michaels,independent,FALSE,0.00953471339283143,,,20210114
11/6/2018,Nevada,NV,1,FALSE,FALSE,FALSE,Hagan,libertarian,FALSE,0.00945962070994474,,,20210114
11/6/2018,Nevada,NV,1,FALSE,FALSE,FALSE,Bakari,independent american,FALSE,0.00729427690889715,,,20210114
11/6/2018,New Jersey,NJ,1,FALSE,FALSE,FALSE,Menendez,democrat,FALSE,0.540071498212545,,,20210114
11/6/2018,New Jersey,NJ,1,FALSE,FALSE,FALSE,Hugin,republican,FALSE,0.428280919190612,,,20210114
11/6/2018,New Jersey,NJ,1,FALSE,FALSE,FALSE,Hoffman,green,FALSE,0.00793548122461987,,,20210114
11/6/2018,New Jersey,NJ,1,FALSE,FALSE,FALSE,Sabrin,libertarian,FALSE,0.00669293947262969,,,20210114
11/6/2018,New Jersey,NJ,1,FALSE,FALSE,FALSE,Rivera,for the people,FALSE,0.00627802266108396,,,20210114
11/6/2018,New Jersey,NJ,1,FALSE,FALSE,FALSE,Flanagan,new day nj,FALSE,0.00508028561421887,,,20210114
11/6/2018,New Jersey,NJ,1,FALSE,FALSE,FALSE,Kimple,make it simple,FALSE,0.00286718560191335,,,20210114
11/6/2018,New Jersey,NJ,1,FALSE,FALSE,FALSE,Schroeder,economic growth,FALSE,0.00279366802237711,,,20210114
11/6/2018,New Mexico,NM,1,FALSE,FALSE,FALSE,Heinrich,democrat,FALSE,0.540877345009842,,,20210114
11/6/2018,New Mexico,NM,1,FALSE,FALSE,FALSE,Johnson,libertarian,FALSE,0.153800795395201,,,20210114
11/6/2018,New Mexico,NM,1,FALSE,FALSE,FALSE,Rich,republican,FALSE,0.305321859594957,,,20210114
11/6/2018,New York,NY,1,FALSE,FALSE,FALSE,Gillibrand,democrat,FALSE,0.620213930255414,,,20210114
11/6/2018,New York,NY,1,FALSE,FALSE,FALSE,Farley,republican,FALSE,0.285779660986159,,,20210114
11/6/2018,New York,NY,1,FALSE,FALSE,FALSE,Farley,conservative,FALSE,0.0406548077826631,,,20210114
11/6/2018,New York,NY,1,FALSE,FALSE,FALSE,Gillibrand,working families,FALSE,0.0264449226782288,,,20210114
11/6/2018,New York,NY,1,FALSE,FALSE,FALSE,Gillibrand,independence,FALSE,0.0164033894447884,,,20210114
11/6/2018,New York,NY,1,FALSE,FALSE,FALSE,Gillibrand,women's equality,FALSE,0.00693442657334227,,,20210114
11/6/2018,New York,NY,1,FALSE,FALSE,FALSE,Farley,reform,FALSE,0.00356886227940476,,,20210114
11/6/2018,North Dakota,ND,1,FALSE,FALSE,FALSE,Cramer,republican,FALSE,0.551055074845617,,,20210114
11/6/2018,North Dakota,ND,1,FALSE,FALSE,FALSE,Heitkamp,democrat,FALSE,0.442683771900239,,,20210114
11/6/2018,Ohio,OH,1,FALSE,FALSE,FALSE,Brown,democrat,FALSE,0.534114141836878,,,20210114
11/6/2018,Ohio,OH,1,FALSE,FALSE,FALSE,Renacci,republican,FALSE,0.465656426423826,,,20210114
11/6/2018,Pennsylvania,PA,1,FALSE,FALSE,FALSE,Casey,democrat,FALSE,0.5574394139,,,20210114
11/6/2018,Pennsylvania,PA,1,FALSE,FALSE,FALSE,Barletta,republican,FALSE,0.4261684034,,,20210114
11/6/2018,Pennsylvania,PA,1,FALSE,FALSE,FALSE,Gale,green,FALSE,0.006229887811,,,20210114
11/6/2018,Pennsylvania,PA,1,FALSE,FALSE,FALSE,Kerns,libertarian,FALSE,0.01016229489,,,20210114
11/6/2018,Rhode Island,RI,1,FALSE,FALSE,FALSE,Whitehouse,democrat,FALSE,0.614424347955343,,,20210114
11/6/2018,Rhode Island,RI,1,FALSE,FALSE,FALSE,Flanders,republican,FALSE,0.383345985804458,,,20210114
11/6/2018,Tennessee,TN,1,FALSE,FALSE,FALSE,Blackburn,republican,FALSE,0.547070070507278,,,20210114
11/6/2018,Tennessee,TN,1,FALSE,FALSE,FALSE,Bredesen,democrat,FALSE,0.439199729023862,,,20210114
11/6/2018,Tennessee,TN,1,FALSE,FALSE,FALSE,Austin,independent,FALSE,0.00421394635742109,,,20210114
11/6/2018,Tennessee,TN,1,FALSE,FALSE,FALSE,Carico,independent,FALSE,0.00151443571893357,,,20210114
11/6/2018,Tennessee,TN,1,FALSE,FALSE,FALSE,Hill,independent,FALSE,0.00388503124247908,,,20210114
11/6/2018,Tennessee,TN,1,FALSE,FALSE,FALSE,McCants,independent,FALSE,0.000858833911237487,,,20210114
11/6/2018,Tennessee,TN,1,FALSE,FALSE,FALSE,Phillips,independent,FALSE,0.000992093558077139,,,20210114
11/6/2018,Tennessee,TN,1,FALSE,FALSE,FALSE,Todd,independent,FALSE,0.00226585968071167,,,20210114
11/6/2018,Texas,TX,1,FALSE,FALSE,FALSE,Cruz,republican,FALSE,0.508926012837366,,,20210114
11/6/2018,Texas,TX,1,FALSE,FALSE,FALSE,O'Rourke,democrat,FALSE,0.48325355022394,,,20210114
11/6/2018,Texas,TX,1,FALSE,FALSE,FALSE,Dikeman,libertarian,FALSE,0.00782043693869372,,,20210114
11/6/2018,Utah,UT,1,FALSE,FALSE,FALSE,Romney,republican,FALSE,0.625881478484633,,,20210114
11/6/2018,Utah,UT,1,FALSE,FALSE,FALSE,Wilson,democrat,FALSE,0.309114687466187,,,20210114
11/6/2018,Utah,UT,1,FALSE,FALSE,FALSE,Aalders,constitution,FALSE,0.0270726211253758,,,20210114
11/6/2018,Utah,UT,1,FALSE,FALSE,FALSE,Bowden,libertarian,FALSE,0.0259746247100941,,,20210114
11/6/2018,Utah,UT,1,FALSE,FALSE,FALSE,McCandless,independent american,FALSE,0.0119565882137094,,,20210114
11/6/2018,Vermont,VT,1,FALSE,FALSE,FALSE,Adeluola,independent,FALSE,0.00725908210575738,,,20210114
11/6/2018,Vermont,VT,1,FALSE,FALSE,FALSE,Beste,independent,FALSE,0.0101348377252186,,,20210114
11/6/2018,Vermont,VT,1,FALSE,FALSE,FALSE,Busa,independent,FALSE,0.00335260285228006,,,20210114
11/6/2018,Vermont,VT,1,FALSE,FALSE,FALSE,Gilbert,independent,FALSE,0.00823111684958037,,,20210114
11/6/2018,Vermont,VT,1,FALSE,FALSE,FALSE,Kane,liberty union,FALSE,0.00429529315100651,,,20210114
11/6/2018,Vermont,VT,1,FALSE,FALSE,FALSE,Peacock,independent,FALSE,0.0138909266975761,,,20210114
11/6/2018,Vermont,VT,1,FALSE,FALSE,FALSE,Sanders,democrat,FALSE,0.673194583015435,,,20210114
11/6/2018,Vermont,VT,1,FALSE,FALSE,FALSE,Svitavsky,independent,FALSE,0.00469511121544692,,,20210114
11/6/2018,Vermont,VT,1,FALSE,FALSE,FALSE,Zupan,republican,FALSE,0.273868038030401,,,20210114
11/6/2018,Virginia,VA,1,FALSE,FALSE,FALSE,Stewart,republican,FALSE,0.410074617179287,,,20210114
11/6/2018,Virginia,VA,1,FALSE,FALSE,FALSE,Kaine,democrat,FALSE,0.570026075879945,,,20210114
11/6/2018,Virginia,VA,1,FALSE,FALSE,FALSE,Waters,libertarian,FALSE,0.0183700829480932,,,20210114
11/6/2018,Washington,WA,1,FALSE,FALSE,FALSE,Cantwell,democrat,FALSE,0.584337599249296,,,20210114
11/6/2018,Washington,WA,1,FALSE,FALSE,FALSE,Hutchison,republican,FALSE,0.415662400750704,,,20210114
11/6/2018,West Virginia,WV,1,FALSE,FALSE,FALSE,Manchin,democrat,FALSE,0.49545814026498,,,20210114
11/6/2018,West Virginia,WV,1,FALSE,FALSE,FALSE,Morrisey,republican,FALSE,0.462972906670143,,,20210114
11/6/2018,West Virginia,WV,1,FALSE,FALSE,FALSE,Hollen,libertarian,FALSE,0.0415689530648761,,,20210114
11/6/2018,Wisconsin,WI,1,FALSE,FALSE,FALSE,Baldwin,democrat,FALSE,0.554176867615482,,,20210114
11/6/2018,Wisconsin,WI,1,FALSE,FALSE,FALSE,Vukmir,republican,FALSE,0.445807330084832,,,20210114
11/6/2018,Wyoming,WY,1,FALSE,FALSE,FALSE,Barrasso,republican,FALSE,0.669599842690001,,,20210114
11/6/2018,Wyoming,WY,1,FALSE,FALSE,FALSE,Trauner,democrat,FALSE,0.300988103431324,,,20210114
11/6/2018,Wyoming,WY,1,FALSE,FALSE,FALSE,Porambo,libertarian,FALSE,0.0278143742011602,,,20210114
11/6/2018,National Popular Vote,NPV,1,FALSE,FALSE,FALSE,Republican,republican,FALSE,0.3837923004,,,20210915
11/6/2018,National Popular Vote,NPV,1,FALSE,FALSE,FALSE,Democratic,democrat,FALSE,0.58307961,,,20210915
11/3/2020,Alabama,AL,2,FALSE,FALSE,FALSE,Jones,democrat,FALSE,0.39736665450723,,,20210114
11/3/2020,Alabama,AL,2,FALSE,FALSE,FALSE,Tuberville,republican,FALSE,0.600953616425169,,,20210114
11/3/2020,Alaska,AK,2,FALSE,FALSE,FALSE,Gross,democrat,FALSE,0.411938395936681,,,20210114
11/3/2020,Alaska,AK,2,FALSE,FALSE,FALSE,Howe,alaskan independence party,FALSE,0.0473959846243658,,,20210114
11/3/2020,Alaska,AK,2,FALSE,FALSE,FALSE,Sullivan,republican,FALSE,0.538970689844805,,,20210114
11/3/2020,Arizona,AZ,3,TRUE,FALSE,FALSE,Davida,republican,TRUE,0.00000834498899802611,,,20210114
11/3/2020,Arizona,AZ,3,TRUE,FALSE,FALSE,McSally,republican,FALSE,0.488080822410587,,,20210114
11/3/2020,Arizona,AZ,3,TRUE,FALSE,FALSE,Schiess,republican,TRUE,0.0000274192495649429,,,20210114
11/3/2020,Arizona,AZ,3,TRUE,FALSE,FALSE,Simmons,republican,TRUE,0.0000292074614930914,,,20210114
11/3/2020,Arizona,AZ,3,TRUE,FALSE,FALSE,Thomas,republican,TRUE,0.00000864302431938419,,,20210114
11/3/2020,Arizona,AZ,3,TRUE,FALSE,FALSE,Arif,democrat,TRUE,0.0000202664018523491,,,20210114
11/3/2020,Arizona,AZ,3,TRUE,FALSE,FALSE,Kapadia,democrat,TRUE,0.0000172860486387684,,,20210114
11/3/2020,Arizona,AZ,3,TRUE,FALSE,FALSE,Chilton,democrat,TRUE,0.00000566267110580343,,,20210114
11/3/2020,Arizona,AZ,3,TRUE,FALSE,FALSE,Kelly,democrat,FALSE,0.511567793945532,,,20210114
11/3/2020,Arizona,AZ,3,TRUE,FALSE,FALSE,Stewart,democrat,TRUE,0.00000655677706987766,,,20210114
11/3/2020,Arizona,AZ,3,TRUE,FALSE,FALSE,Dorchester,libertarian,TRUE,0.000112955386794711,,,20210114
11/3/2020,Arizona,AZ,3,TRUE,FALSE,FALSE,Beckett,independent,TRUE,0.0000175840839601265,,,20210114
11/3/2020,Arizona,AZ,3,TRUE,FALSE,FALSE,Decker,independent,TRUE,0.00000625874174851958,,,20210114
11/3/2020,Arizona,AZ,3,TRUE,FALSE,FALSE,Glenn,independent republican party,TRUE,0.0000453013688464275,,,20210114
11/3/2020,Arizona,AZ,3,TRUE,FALSE,FALSE,Haupt,independent,TRUE,0.0000110273068902488,,,20210114
11/3/2020,Arizona,AZ,3,TRUE,FALSE,FALSE,Rodriguez,independent,TRUE,0.00000506660046308728,,,20210114
11/3/2020,Arizona,AZ,3,TRUE,FALSE,FALSE,Rodriguez,unity party,TRUE,0.0000205644371737072,,,20210114
11/3/2020,Arizona,AZ,3,TRUE,FALSE,FALSE,Seenz,independent,TRUE,0.0000023842825708646,,,20210114
11/3/2020,Arizona,AZ,3,TRUE,FALSE,FALSE,Stevens,non-affiliated,TRUE,0.00000685481239123573,,,20210114
11/3/2020,Arkansas,AR,2,FALSE,FALSE,FALSE,Harrington,libertarian,FALSE,0.334704645505049,,,20210114
11/3/2020,Arkansas,AR,2,FALSE,FALSE,FALSE,Cotton,republican,FALSE,0.665295354494951,,,20210114
11/3/2020,Colorado,CO,2,FALSE,FALSE,FALSE,Hickenlooper,democrat,FALSE,0.53498960068484,,,20210114
11/3/2020,Colorado,CO,2,FALSE,FALSE,FALSE,Gardner,republican,FALSE,0.441775269717751,,,20210114
11/3/2020,Colorado,CO,2,FALSE,FALSE,FALSE,Doyle,approval voting party,FALSE,0.00303480757403911,,,20210114
11/3/2020,Colorado,CO,2,FALSE,FALSE,FALSE,Evans,unity party,FALSE,0.00277242960760742,,,20210114
11/3/2020,Colorado,CO,2,FALSE,FALSE,FALSE,Doane,libertarian,FALSE,0.0173874077118725,,,20210114
11/3/2020,Colorado,CO,2,FALSE,FALSE,FALSE,Skelly,unaffiliated,FALSE,0.0000169973947629482,,,20210114
11/3/2020,Colorado,CO,2,FALSE,FALSE,FALSE,Lohmiller,green,FALSE,0.0000219420914212603,,,20210114
11/3/2020,Colorado,CO,2,FALSE,FALSE,FALSE,Sanchez,unaffiliated,FALSE,0.00000154521770572256,,,20210114
11/3/2020,Delaware,DE,2,FALSE,FALSE,FALSE,Coons,democrat,FALSE,0.59438418527911,,,20210114
11/3/2020,Delaware,DE,2,FALSE,FALSE,FALSE,Witzke,republican,FALSE,0.378978887225396,,,20210114
11/3/2020,Delaware,DE,2,FALSE,FALSE,FALSE,Turley,independent party of delaware,FALSE,0.015955269027468,,,20210114
11/3/2020,Delaware,DE,2,FALSE,FALSE,FALSE,Frost,libertarian,FALSE,0.0106816584680253,,,20210114
11/3/2020,Georgia,GA,2,FALSE,FALSE,FALSE,Perdue,republican,FALSE,0.497279882072019,,,20210114
11/3/2020,Georgia,GA,2,FALSE,FALSE,FALSE,Ossoff,democrat,FALSE,0.479490123026751,,,20210114
11/3/2020,Georgia,GA,2,FALSE,FALSE,FALSE,Hazel,libertarian,FALSE,0.0232299949012303,,,20210114
11/3/2020,Georgia,GA,3,TRUE,FALSE,FALSE,Bartell,independent,FALSE,0.00297902412948499,,,20210114
11/3/2020,Georgia,GA,3,TRUE,FALSE,FALSE,Buckley,independent,FALSE,0.00365337426371404,,,20210114
11/3/2020,Georgia,GA,3,TRUE,FALSE,FALSE,Collins,republican,FALSE,0.199507931956973,,,20210114
11/3/2020,Georgia,GA,3,TRUE,FALSE,FALSE,Fortuin,green,FALSE,0.00311190000083429,,,20210114
11/3/2020,Georgia,GA,3,TRUE,FALSE,FALSE,Grayson,republican,FALSE,0.0104982112628682,,,20210114
11/3/2020,Georgia,GA,3,TRUE,FALSE,FALSE,Greene,independent,FALSE,0.0027049294913418,,,20210114
11/3/2020,Georgia,GA,3,TRUE,FALSE,FALSE,Jackson,republican,FALSE,0.00902151876917467,,,20210114
11/3/2020,Georgia,GA,3,TRUE,FALSE,FALSE,Jackson,democrat,FALSE,0.0659532337978427,,,20210114
11/3/2020,Georgia,GA,3,TRUE,FALSE,FALSE,James,democrat,FALSE,0.0192102289595738,,,20210114
11/3/2020,Georgia,GA,3,TRUE,FALSE,FALSE,Johnson,republican,FALSE,0.00736128257570008,,,20210114
11/3/2020,Georgia,GA,3,TRUE,FALSE,FALSE,Johnson-Shealey,democrat,FALSE,0.0217255101934921,,,20210114
11/3/2020,Georgia,GA,3,TRUE,FALSE,FALSE,Lieberman,democrat,FALSE,0.0276782678358387,,,20210114
11/3/2020,Georgia,GA,3,TRUE,FALSE,FALSE,Loeffler,republican,FALSE,0.259080275136483,,,20210114
11/3/2020,Georgia,GA,3,TRUE,FALSE,FALSE,Slade,democrat,FALSE,0.00914564477456988,,,20210114
11/3/2020,Georgia,GA,3,TRUE,FALSE,FALSE,Slowinski,libertarian,FALSE,0.00720968606091412,,,20210114
11/3/2020,Georgia,GA,3,TRUE,FALSE,FALSE,Stovall,independent,FALSE,0.00271001662271046,,,20210114
11/3/2020,Georgia,GA,3,TRUE,FALSE,FALSE,Tarver,democrat,FALSE,0.00535837721323281,,,20210114
11/3/2020,Georgia,GA,3,TRUE,FALSE,FALSE,Taylor,republican,FALSE,0.00821042654375615,,,20210114
11/3/2020,Georgia,GA,3,TRUE,FALSE,FALSE,Warnock,democrat,FALSE,0.329042778908591,,,20210114
11/3/2020,Georgia,GA,3,TRUE,FALSE,FALSE,Winfield,democrat,FALSE,0.00583738150290546,,,20210114
11/3/2020,Idaho,ID,2,FALSE,FALSE,FALSE,Fleming,independent,FALSE,0.0294582514854732,,,20210114
11/3/2020,Idaho,ID,2,FALSE,FALSE,FALSE,Jordan,democrat,FALSE,0.332466879965388,,,20210114
11/3/2020,Idaho,ID,2,FALSE,FALSE,FALSE,Risch,republican,FALSE,0.626225973364409,,,20210114
11/3/2020,Idaho,ID,2,FALSE,FALSE,FALSE,Writz,constitution party,FALSE,0.011848895184729,,,20210114
11/3/2020,Illinois,IL,2,FALSE,FALSE,FALSE,Durbin,democrat,FALSE,0.549335631467166,,,20210114
11/3/2020,Illinois,IL,2,FALSE,FALSE,FALSE,Curran,republican,FALSE,0.388659486897169,,,20210114
11/3/2020,Illinois,IL,2,FALSE,FALSE,FALSE,Wilson,willie wilson party,FALSE,0.0398229087733236,,,20210114
11/3/2020,Illinois,IL,2,FALSE,FALSE,FALSE,Malouf,libertarian,FALSE,0.0126778782224735,,,20210114
11/3/2020,Illinois,IL,2,FALSE,FALSE,FALSE,Black,green,FALSE,0.00950107900935197,,,20210114
11/3/2020,Illinois,IL,2,FALSE,FALSE,FALSE,Keely,,TRUE,0.00000167535028642626,,,20210114
11/3/2020,Illinois,IL,2,FALSE,FALSE,FALSE,Seida,,TRUE,0.00000100521017185576,,,20210114
11/3/2020,Illinois,IL,2,FALSE,FALSE,FALSE,Schaal,,TRUE,3.35070057285252E-07,,,20210114
11/3/2020,Iowa,IA,2,FALSE,FALSE,FALSE,Ernst,republican,FALSE,0.508782857781464,,,20210114
11/3/2020,Iowa,IA,2,FALSE,FALSE,FALSE,Greenfield,democrat,FALSE,0.444000752883603,,,20210114
11/3/2020,Iowa,IA,2,FALSE,FALSE,FALSE,Stewart,libertarian,FALSE,0.0217401022274767,,,20210114
11/3/2020,Iowa,IA,2,FALSE,FALSE,FALSE,Herzog,,FALSE,0.0081170263450442,,,20210114
11/3/2020,Kansas,KS,2,FALSE,FALSE,FALSE,Marshall,republican,FALSE,0.532231284111555,,,20210114
11/3/2020,Kansas,KS,2,FALSE,FALSE,FALSE,Bollier,democrat,FALSE,0.417859923743653,,,20210114
11/3/2020,Kansas,KS,2,FALSE,FALSE,FALSE,Buckley,libertarian,FALSE,0.049908792144792,,,20210114
11/3/2020,Kentucky,KY,2,FALSE,FALSE,FALSE,McConnell,republican,FALSE,0.5776496833574,,,20210114
11/3/2020,Kentucky,KY,2,FALSE,FALSE,FALSE,McGrath,democrat,FALSE,0.382311572946296,,,20210114
11/3/2020,Kentucky,KY,2,FALSE,FALSE,FALSE,Barron,libertarian,FALSE,0.0399923749108338,,,20210114
11/3/2020,Kentucky,KY,2,FALSE,FALSE,FALSE,Frangedakis,,TRUE,0.0000327860099285405,,,20210114
11/3/2020,Kentucky,KY,2,FALSE,FALSE,FALSE,Cobble,,TRUE,0.000008430688267339,,,20210114
11/3/2020,Kentucky,KY,2,FALSE,FALSE,FALSE,Teegargen,,TRUE,0.0000042153441336695,,,20210114
11/3/2020,Kentucky,KY,2,FALSE,FALSE,FALSE,Wysinger,,TRUE,4.68371570407722E-07,,,20210114
11/3/2020,Kentucky,KY,2,FALSE,FALSE,FALSE,Fitzpatrick,,TRUE,4.68371570407722E-07,,,20210114
11/3/2020,Louisiana,LA,2,FALSE,FALSE,FALSE,Billiot,unaffiliated,FALSE,0.0083811921837973,,,20210114
11/3/2020,Louisiana,LA,2,FALSE,FALSE,FALSE,Bourgeois,unaffiliated,FALSE,0.00797376641469668,,,20210114
11/3/2020,Louisiana,LA,2,FALSE,FALSE,FALSE,Cassidy,republican,FALSE,0.593233160016471,,,20210114
11/3/2020,Louisiana,LA,2,FALSE,FALSE,FALSE,Daret,unaffiliated,FALSE,0.00190872214576284,,,20210114
11/3/2020,Louisiana,LA,2,FALSE,FALSE,FALSE,Edwards,democrat,FALSE,0.11093856125603,,,20210114
11/3/2020,Louisiana,LA,2,FALSE,FALSE,FALSE,John,other,FALSE,0.00135792498635075,,,20210114
11/3/2020,Louisiana,LA,2,FALSE,FALSE,FALSE,Knight,democrat,FALSE,0.0178427384804467,,,20210114
11/3/2020,Louisiana,LA,2,FALSE,FALSE,FALSE,Mendoza,independent,FALSE,0.00377061929199635,,,20210114
11/3/2020,Louisiana,LA,2,FALSE,FALSE,FALSE,Montgomery,unaffiliated,FALSE,0.00280177626049761,,,20210114
11/3/2020,Louisiana,LA,2,FALSE,FALSE,FALSE,Murphy,republican,FALSE,0.0185287005869538,,,20210114
11/3/2020,Louisiana,LA,2,FALSE,FALSE,FALSE,Perkins,democrat,FALSE,0.190220043706551,,,20210114
11/3/2020,Louisiana,LA,2,FALSE,FALSE,FALSE,Pierce,democrat,FALSE,0.0268929971523642,,,20210114
11/3/2020,Louisiana,LA,2,FALSE,FALSE,FALSE,Price,other,FALSE,0.00370738140603405,,,20210114
11/3/2020,Louisiana,LA,2,FALSE,FALSE,FALSE,Sigler,libertarian,FALSE,0.00546500845022285,,,20210114
11/3/2020,Louisiana,LA,2,FALSE,FALSE,FALSE,Wenstrup,democrat,FALSE,0.00697740766182503,,,20210114
11/3/2020,Maine,ME,2,FALSE,FALSE,FALSE,Collins,republican,FALSE,0.509831136632474,,,20210114
11/3/2020,Maine,ME,2,FALSE,FALSE,FALSE,Gideon,democrat,FALSE,0.423864997198428,,,20210114
11/3/2020,Maine,ME,2,FALSE,FALSE,FALSE,Linn,independent,FALSE,0.0164896000039063,,,20210114
11/3/2020,Maine,ME,2,FALSE,FALSE,FALSE,Savage,independent,FALSE,0.0495359400768815,,,20210114
11/3/2020,Massachusetts,MA,2,FALSE,FALSE,FALSE,Markey,democrat,FALSE,0.661537326297313,,,20210114
11/3/2020,Massachusetts,MA,2,FALSE,FALSE,FALSE,O'Conner,republican,FALSE,0.330448950320639,,,20210114
11/3/2020,Massachusetts,MA,2,FALSE,FALSE,FALSE,Ayyadurai,,FALSE,0.00592962782564975,,,20210114
11/3/2020,Michigan,MI,2,FALSE,FALSE,FALSE,Peters,democrat,FALSE,0.499034257224822,,,20210114
11/3/2020,Michigan,MI,2,FALSE,FALSE,FALSE,James,republican,FALSE,0.482183943705153,,,20210114
11/3/2020,Michigan,MI,2,FALSE,FALSE,FALSE,Willis,us taxpayers,FALSE,0.00923350098180199,,,20210114
11/3/2020,Michigan,MI,2,FALSE,FALSE,FALSE,Squier,green,FALSE,0.00715675253480105,,,20210114
11/3/2020,Michigan,MI,2,FALSE,FALSE,FALSE,Dern,natural law,FALSE,0.0023893556605082,,,20210114
11/3/2020,Michigan,MI,2,FALSE,FALSE,FALSE,Carr,,TRUE,9.12455380931872E-07,,,20210114
11/3/2020,Michigan,MI,2,FALSE,FALSE,FALSE,Gadzinski,,TRUE,0.00000127743753330462,,,20210114
11/3/2020,Minnesota,MN,2,FALSE,FALSE,FALSE,O'Connor,legal marijuana now,FALSE,0.0591595691195723,,,20210114
11/3/2020,Minnesota,MN,2,FALSE,FALSE,FALSE,Steinberg,grassroots,FALSE,0.0177876311034342,,,20210114
11/3/2020,Minnesota,MN,2,FALSE,FALSE,FALSE,Lewis,republican,FALSE,0.434982465615682,,,20210114
11/3/2020,Minnesota,MN,2,FALSE,FALSE,FALSE,Smith,democrat,FALSE,0.487366905436281,,,20210114
11/3/2020,Mississippi,MS,2,FALSE,FALSE,FALSE,Espy,democrat,FALSE,0.441292740175422,,,20210114
11/3/2020,Mississippi,MS,2,FALSE,FALSE,FALSE,Hyde-Smith,republican,FALSE,0.541052225409767,,,20210114
11/3/2020,Mississippi,MS,2,FALSE,FALSE,FALSE,Edwards,libertarian,FALSE,0.017655034414811,,,20210114
11/3/2020,Montana,MT,2,FALSE,FALSE,FALSE,Bullock,democrat,FALSE,0.44987839250244,,,20210114
11/3/2020,Montana,MT,2,FALSE,FALSE,FALSE,Daines,republican,FALSE,0.55012160749756,,,20210114
11/3/2020,Nebraska,NE,2,FALSE,FALSE,FALSE,Sasse,republican,FALSE,0.627418785994159,,,20210114
11/3/2020,Nebraska,NE,2,FALSE,FALSE,FALSE,Janicek,democrat,FALSE,0.244288245743066,,,20210114
11/3/2020,Nebraska,NE,2,FALSE,FALSE,FALSE,Siadek,libertarian,FALSE,0.0592626761805224,,,20210114
11/3/2020,Nebraska,NE,2,FALSE,FALSE,FALSE,Love,,TRUE,0.0628067164724756,,,20210114
11/3/2020,New Hampshire,NH,2,FALSE,FALSE,FALSE,Messner,republican,FALSE,0.409879710622002,,,20210114
11/3/2020,New Hampshire,NH,2,FALSE,FALSE,FALSE,Shaheen,democrat,FALSE,0.566365210311667,,,20210114
11/3/2020,New Hampshire,NH,2,FALSE,FALSE,FALSE,O'Donnell,libertarian,FALSE,0.0231444603311413,,,20210114
11/3/2020,New Jersey,NJ,2,FALSE,FALSE,FALSE,Booker,democrat,FALSE,0.572280674888074,,,20210114
11/3/2020,New Jersey,NJ,2,FALSE,FALSE,FALSE,Mehta,republican,FALSE,0.409205394060048,,,20210114
11/3/2020,New Jersey,NJ,2,FALSE,FALSE,FALSE,Hoffman,green,FALSE,0.00862256893461008,,,20210114
11/3/2020,New Jersey,NJ,2,FALSE,FALSE,FALSE,Fernandez,of by for!,FALSE,0.00727180189350605,,,20210114
11/3/2020,New Jersey,NJ,2,FALSE,FALSE,FALSE,Burke,larouche was right,FALSE,0.00261956022376161,,,20210114
11/3/2020,New Mexico,NM,2,FALSE,FALSE,FALSE,Walsh,libertarian,FALSE,0.0264609909979645,,,20210114
11/3/2020,New Mexico,NM,2,FALSE,FALSE,FALSE,Ronchetti,republican,FALSE,0.456243042964904,,,20210114
11/3/2020,New Mexico,NM,2,FALSE,FALSE,FALSE,Lujan,democrat,FALSE,0.517295966037131,,,20210114
11/3/2020,North Carolina,NC,2,FALSE,FALSE,FALSE,Tillis,republican,FALSE,0.48687148307419,,,20210114
11/3/2020,North Carolina,NC,2,FALSE,FALSE,FALSE,Cunningham,democrat,FALSE,0.469404115323751,,,20210114
11/3/2020,North Carolina,NC,2,FALSE,FALSE,FALSE,Bray,libertarian,FALSE,0.031337443689004,,,20210114
11/3/2020,North Carolina,NC,2,FALSE,FALSE,FALSE,Hayes,constitution party,FALSE,0.0123869579130557,,,20210114
11/3/2020,Oklahoma,OK,2,FALSE,FALSE,FALSE,Inhofe,republican,FALSE,0.629121392787406,,,20210114
11/3/2020,Oklahoma,OK,2,FALSE,FALSE,FALSE,Murphy,libertarian,FALSE,0.0221253295347288,,,20210114
11/3/2020,Oklahoma,OK,2,FALSE,FALSE,FALSE,Broyles,democrat,FALSE,0.327535192670595,,,20210114
11/3/2020,Oklahoma,OK,2,FALSE,FALSE,FALSE,Farr,independent,FALSE,0.0139119394536358,,,20210114
11/3/2020,Oklahoma,OK,2,FALSE,FALSE,FALSE,Nesbit,independent,FALSE,0.00730614555363441,,,20210114
11/3/2020,Oregon,OR,2,FALSE,FALSE,FALSE,Perkins,republican,FALSE,0.393242603443233,,,20210114
11/3/2020,Oregon,OR,2,FALSE,FALSE,FALSE,Merkley,democrat,FALSE,0.569110422880096,,,20210114
11/3/2020,Oregon,OR,2,FALSE,FALSE,FALSE,Taher,pacific green,FALSE,0.0181966691208052,,,20210114
11/3/2020,Oregon,OR,2,FALSE,FALSE,FALSE,Dye,libertarian,FALSE,0.0184155168187471,,,20210114
11/3/2020,Rhode Island,RI,2,FALSE,FALSE,FALSE,Reed,democrat,FALSE,0.664776980629707,,,20210114
11/3/2020,Rhode Island,RI,2,FALSE,FALSE,FALSE,Waters,republican,FALSE,0.333537678397287,,,20210114
11/3/2020,South Carolina,SC,2,FALSE,FALSE,FALSE,Bledsoe,constitution party,FALSE,0.01305910212858,,,20210114
11/3/2020,South Carolina,SC,2,FALSE,FALSE,FALSE,Graham,republican,FALSE,0.544365958624375,,,20210114
11/3/2020,South Carolina,SC,2,FALSE,FALSE,FALSE,Harrison,democrat,FALSE,0.441662849727089,,,20210114
11/3/2020,South Dakota,SD,2,FALSE,FALSE,FALSE,Rounds,republican,FALSE,0.657352475732892,,,20210114
11/3/2020,South Dakota,SD,2,FALSE,FALSE,FALSE,Ahlers,democrat,FALSE,0.342647524267108,,,20210114
11/3/2020,Tennessee,TN,2,FALSE,FALSE,FALSE,Hagerty,republican,FALSE,0.621984680519812,,,20210114
11/3/2020,Tennessee,TN,2,FALSE,FALSE,FALSE,Bradshaw,democrat,FALSE,0.351613187686438,,,20210114
11/3/2020,Tennessee,TN,2,FALSE,FALSE,FALSE,Faparusi,independent,FALSE,0.00362427912253726,,,20210114
11/3/2020,Tennessee,TN,2,FALSE,FALSE,FALSE,Grunau,independent,FALSE,0.00140551889155915,,,20210114
11/3/2020,Tennessee,TN,2,FALSE,FALSE,FALSE,Henley,independent,FALSE,0.00286442047178809,,,20210114
11/3/2020,Tennessee,TN,2,FALSE,FALSE,FALSE,Hill,independent,FALSE,0.00164607885569139,,,20210114
11/3/2020,Tennessee,TN,2,FALSE,FALSE,FALSE,Hooper,independent,FALSE,0.00324654592043074,,,20210114
11/3/2020,Tennessee,TN,2,FALSE,FALSE,FALSE,James,independent,FALSE,0.00243364244612994,,,20210114
11/3/2020,Tennessee,TN,2,FALSE,FALSE,FALSE,McLeod,independent,FALSE,0.00562612994765456,,,20210114
11/3/2020,Tennessee,TN,2,FALSE,FALSE,FALSE,Morgan,independent,FALSE,0.00324282940413094,,,20210114
11/3/2020,Tennessee,TN,2,FALSE,FALSE,FALSE,Stansberry,independent,FALSE,0.00229106336626505,,,20210114
11/3/2020,Tennessee,TN,2,FALSE,FALSE,FALSE,Gentry,,TRUE,0.0000216233675624485,,,20210114
11/3/2020,Texas,TX,2,FALSE,FALSE,FALSE,Cornyn,republican,FALSE,0.5350826989135,,,20210114
11/3/2020,Texas,TX,2,FALSE,FALSE,FALSE,Hegar,democrat,FALSE,0.438688662280466,,,20210114
11/3/2020,Texas,TX,2,FALSE,FALSE,FALSE,McKennon,libertarian,FALSE,0.0188192073969584,,,20210114
11/3/2020,Texas,TX,2,FALSE,FALSE,FALSE,Collins,green,FALSE,0.00734859171359758,,,20210114
11/3/2020,Texas,TX,2,FALSE,FALSE,FALSE,Turullols-Bonilla,,TRUE,0.00006083969547848,,,20210114
11/3/2020,Virginia,VA,2,FALSE,FALSE,FALSE,Warner,democrat,FALSE,0.559920836977794,,,20210114
11/3/2020,Virginia,VA,2,FALSE,FALSE,FALSE,Gade,republican,FALSE,0.439083041946731,,,20210114
11/3/2020,West Virginia,WV,2,FALSE,FALSE,FALSE,Capito,republican,FALSE,0.70283906649994,,,20210114
11/3/2020,West Virginia,WV,2,FALSE,FALSE,FALSE,Swearengin,democrat,FALSE,0.270001463568694,,,20210114
11/3/2020,West Virginia,WV,2,FALSE,FALSE,FALSE,Moran,libertarian,FALSE,0.0271594699313663,,,20210114
11/3/2020,Wyoming,WY,2,FALSE,FALSE,FALSE,Lummis,republican,FALSE,0.711302930309548,,,20210114
11/3/2020,Wyoming,WY,2,FALSE,FALSE,FALSE,David,democrat,FALSE,0.261275462023748,,,20210114
11/3/2020,National Popular Vote,NPV,1,FALSE,FALSE,FALSE,Republican,republican,FALSE,0.4928744521,,,20210915
11/3/2020,National Popular Vote,NPV,1,FALSE,FALSE,FALSE,Democratic,democrat,FALSE,0.4703217847,,,20210915
11/3/2020,National Popular Vote,NPV,1,FALSE,FALSE,FALSE,Libertarian,libertarian,FALSE,0.01799193906,,,20210915
1/5/2021,Georgia,GA,3,TRUE,TRUE,FALSE,Loeffler,republican,FALSE,0.489561469758619,,,20210114
1/5/2021,Georgia,GA,3,TRUE,TRUE,FALSE,Warnock,democrat,FALSE,0.510438530241381,,,20210114
1/5/2021,Georgia,GA,2,FALSE,TRUE,FALSE,Perdue,republican,FALSE,0.493834482687859,,,20210114
1/5/2021,Georgia,GA,2,FALSE,TRUE,FALSE,Ossoff,democrat,FALSE,0.506165517312141,,,20210114
11/8/2022,Alabama,AL,3,FALSE,FALSE,FALSE,Boyd,democrat,FALSE,0.308820721830413,436746,1414238,20230427
11/8/2022,Alabama,AL,3,FALSE,FALSE,FALSE,Britt,republican,FALSE,0.666191970516985,942154,1414238,20230427
11/8/2022,Alabama,AL,3,FALSE,FALSE,FALSE,Sophocleus,libertarian,FALSE,0.023248562123207,32879,1414238,20230427
11/8/2022,Alaska,AK,3,FALSE,FALSE,FALSE,Murkowski,republican,FALSE,0.537019821636782,136330,253864,20230427
11/8/2022,Alaska,AK,3,FALSE,FALSE,FALSE,Tshibaka,republican,FALSE,0.462980178363218,117534,253864,20230427
11/8/2022,Arizona,AZ,3,FALSE,FALSE,FALSE,Kelly,democrat,FALSE,0.513948638841439,1322027,2572294,20230427
11/8/2022,Arizona,AZ,3,FALSE,FALSE,FALSE,Victor,libertarian,TRUE,0.0209004102952462,53762,2572294,20230427
11/8/2022,Arizona,AZ,3,FALSE,FALSE,FALSE,Masters,republican,TRUE,0.465074365527424,1196308,2572294,20230427
11/8/2022,Arkansas,AR,3,FALSE,FALSE,FALSE,Boozman,republican,FALSE,0.657309504208338,592437,901306,20230427
11/8/2022,Arkansas,AR,3,FALSE,FALSE,FALSE,James,democrat,FALSE,0.310867785191711,280187,901306,20230427
11/8/2022,Arkansas,AR,3,FALSE,FALSE,FALSE,Cates,libertarian,FALSE,0.0318227105999516,28682,901306,20230427
11/8/2022,California,CA,3,FALSE,FALSE,FALSE,Padilla,democrat,FALSE,0.610645077608158,6621616,10843641,20230427
11/8/2022,California,CA,3,FALSE,FALSE,FALSE,Meuser,republican,FALSE,0.389354922391842,4222025,10843641,20230427
11/8/2022,Colorado,CO,3,FALSE,FALSE,FALSE,Bennet,democrat,FALSE,0.558823070625122,1397170,2500201,20230427
11/8/2022,Colorado,CO,3,FALSE,FALSE,FALSE,Peotter,libertarian,FALSE,0.0174122000591152,43534,2500201,20230427
11/8/2022,Colorado,CO,3,FALSE,FALSE,FALSE,O'Dea,republican,FALSE,0.412644023420517,1031693,2500201,20230427
11/8/2022,Connecticut,CT,3,FALSE,FALSE,FALSE,Blumenthal,democrat,FALSE,0.574092006804744,723864,1260885,20230427
11/8/2022,Connecticut,CT,3,FALSE,FALSE,FALSE,Levy,republican,FALSE,0.425114106361801,536020,1260885,20230427
11/8/2022,Florida,FL,3,FALSE,FALSE,FALSE,Demings,democrat,FALSE,0.41266692497647,3201522,7758126,20230427
11/8/2022,Florida,FL,3,FALSE,FALSE,FALSE,Rubio,republican,FALSE,0.576794834216407,4474847,7758126,20230427
11/8/2022,Georgia,GA,3,FALSE,FALSE,FALSE,Warnock,democrat,FALSE,0.494449842019307,1946117,3935924,20230427
11/8/2022,Georgia,GA,3,FALSE,FALSE,FALSE,Oliver,libertarian,FALSE,0.0206724011947385,81365,3935924,20230427
11/8/2022,Georgia,GA,3,FALSE,FALSE,FALSE,Walker,republican,FALSE,0.484877756785954,1908442,3935924,20230427
11/8/2022,Hawaii,HI,3,FALSE,FALSE,FALSE,Schatz,democrat,FALSE,0.712073181777013,290894,408517,20230427
11/8/2022,Hawaii,HI,3,FALSE,FALSE,FALSE,McDermott,republican,FALSE,0.260351466401643,106358,408517,20230427
11/8/2022,Hawaii,HI,3,FALSE,FALSE,FALSE,Bonoan,libertarian,FALSE,0.0120313230538754,4915,408517,20230427
11/8/2022,Hawaii,HI,3,FALSE,FALSE,FALSE,Pohlman,green,FALSE,0.0101391129377725,4142,408517,20230427
11/8/2022,Idaho,ID,3,FALSE,FALSE,FALSE,Cleveland,independent,FALSE,0.0844776523549222,49917,590890,20230427
11/8/2022,Idaho,ID,3,FALSE,FALSE,FALSE,Writz,constitution,FALSE,0.0143850801333582,8500,590890,20230427
11/8/2022,Idaho,ID,3,FALSE,FALSE,FALSE,Crapo,republican,FALSE,0.606777911286365,358539,590890,20230427
11/8/2022,Idaho,ID,3,FALSE,FALSE,FALSE,Roth,democrat,FALSE,0.287376669092386,169808,590890,20230427
11/8/2022,Illinois,IL,3,FALSE,FALSE,FALSE,McMillen,libertarian,FALSE,0.0167535355861676,68671,4098896,20230427
11/8/2022,Illinois,IL,3,FALSE,FALSE,FALSE,Salvi,republican,FALSE,0.415003210620616,1701055,4098896,20230427
11/8/2022,Illinois,IL,3,FALSE,FALSE,FALSE,Duckworth,democrat,FALSE,0.568234958876732,2329136,4098896,20230427
11/8/2022,Indiana,IN,3,FALSE,FALSE,FALSE,McDermott Jr.,democrat,FALSE,0.378745931797762,704411,1859851,20230427
11/8/2022,Indiana,IN,3,FALSE,FALSE,FALSE,Young,republican,FALSE,0.586157170655069,1090165,1859851,20230427
11/8/2022,Indiana,IN,3,FALSE,FALSE,FALSE,Sceniak,libertarian,FALSE,0.03431135074799,63814,1859851,20230427
11/8/2022,Iowa,IA,3,FALSE,FALSE,FALSE,Grassley,republican,FALSE,0.560147323050419,681501,1216646,20230427
11/8/2022,Iowa,IA,3,FALSE,FALSE,FALSE,Franken,democrat,FALSE,0.438360870787394,533330,1216646,20230427
11/8/2022,Kansas,KS,3,FALSE,FALSE,FALSE,Holland,democrat,FALSE,0.37037840462667,372214,1004956,20230427
11/8/2022,Kansas,KS,3,FALSE,FALSE,FALSE,Graham,libertarian,FALSE,0.0296192072090718,29766,1004956,20230427
11/8/2022,Kansas,KS,3,FALSE,FALSE,FALSE,Moran,republican,FALSE,0.600002388164258,602976,1004956,20230427
11/8/2022,Kentucky,KY,3,FALSE,FALSE,FALSE,Paul,republican,FALSE,0.618018310631128,913326,1477830,20230427
11/8/2022,Kentucky,KY,3,FALSE,FALSE,FALSE,Booker,democrat,FALSE,0.381851092480191,564311,1477830,20230427
11/8/2022,Louisiana,LA,3,FALSE,FALSE,FALSE,Kennedy,republican,FALSE,0.615610609488972,851568,1383290,20230427
11/8/2022,Louisiana,LA,3,FALSE,FALSE,FALSE,Chambers,democrat,FALSE,0.178511375055122,246933,1383290,20230427
11/8/2022,Louisiana,LA,3,FALSE,FALSE,FALSE,Mixon,democrat,FALSE,0.132211611448069,182887,1383290,20230427
11/8/2022,Louisiana,LA,3,FALSE,FALSE,FALSE,Steib,democrat,FALSE,0.0228209558371708,31568,1383290,20230427
11/8/2022,Louisiana,LA,3,FALSE,FALSE,FALSE,Graham,republican,FALSE,0.0182716567024991,25275,1383290,20230427
11/8/2022,Maryland,MD,3,FALSE,FALSE,FALSE,Hollen,democrat,FALSE,0.65768032937529,1316897,2002336,20230427
11/8/2022,Maryland,MD,3,FALSE,FALSE,FALSE,Chaffee,republican,FALSE,0.34074850574529,682293,2002336,20230427
11/8/2022,Missouri,MO,3,FALSE,FALSE,FALSE,Schmitt,republican,FALSE,0.554322831334909,1146966,2069130,20230427
11/8/2022,Missouri,MO,3,FALSE,FALSE,FALSE,Valentine,democrat,FALSE,0.421768569398733,872694,2069130,20230427
11/8/2022,Missouri,MO,3,FALSE,FALSE,FALSE,Dine,libertarian,FALSE,0.0168288121094373,34821,2069130,20230427
11/8/2022,Nevada,NV,3,FALSE,FALSE,FALSE,Laxalt,republican,FALSE,0.480372238820591,490388,1020850,20230427
11/8/2022,Nevada,NV,3,FALSE,FALSE,FALSE,Masto,democrat,FALSE,0.488138316109125,498316,1020850,20230427
11/8/2022,Nevada,NV,3,FALSE,FALSE,FALSE,None,,FALSE,0.0121869030709703,12441,1020850,20230427
11/8/2022,New Hampshire,NH,3,FALSE,FALSE,FALSE,Bolduc,republican,FALSE,0.444346390756472,275928,620975,20230427
11/8/2022,New Hampshire,NH,3,FALSE,FALSE,FALSE,Hassan,democrat,FALSE,0.534953903136197,332193,620975,20230427
11/8/2022,New Hampshire,NH,3,FALSE,FALSE,FALSE,Kauffman,libertarian,FALSE,0.0199524940617577,12390,620975,20230427
11/8/2022,New York,NY,3,FALSE,FALSE,FALSE,Schumer,working families,FALSE,0.0509081215944585,297739,5848556,20230427
11/8/2022,New York,NY,3,FALSE,FALSE,FALSE,Pinion,republican,FALSE,0.376930476514203,2204499,5848556,20230427
11/8/2022,New York,NY,3,FALSE,FALSE,FALSE,Schumer,democrat,FALSE,0.516849287242868,3022822,5848556,20230427
11/8/2022,New York,NY,3,FALSE,FALSE,FALSE,Pinion,conservative,FALSE,0.0507222637519415,296652,5848556,20230427
11/8/2022,North Carolina,NC,3,FALSE,FALSE,FALSE,Beasley,democrat,FALSE,0.472730505436781,1784049,3773924,20230427
11/8/2022,North Carolina,NC,3,FALSE,FALSE,FALSE,Budd,republican,FALSE,0.504987911786247,1905786,3773924,20230427
11/8/2022,North Carolina,NC,3,FALSE,FALSE,FALSE,Bray,libertarian,FALSE,0.0136833704123347,51640,3773924,20230427
11/8/2022,North Dakota,ND,3,FALSE,FALSE,FALSE,Becker,independent,FALSE,0.184917131673191,44406,240140,20230427
11/8/2022,North Dakota,ND,3,FALSE,FALSE,FALSE,Hoeven,republican,FALSE,0.564145914882985,135474,240140,20230427
11/8/2022,North Dakota,ND,3,FALSE,FALSE,FALSE,Christiansen,democrat,FALSE,0.249833430498876,59995,240140,20230427
11/8/2022,Ohio,OH,3,FALSE,FALSE,FALSE,Ryan,democrat,FALSE,0.469230225807591,1939489,4133342,20230427
11/8/2022,Ohio,OH,3,FALSE,FALSE,FALSE,Vance,republican,FALSE,0.530349049268123,2192114,4133342,20230427
11/8/2022,Oklahoma,OK,3,FALSE,FALSE,FALSE,Horn,democrat,FALSE,0.320986989151253,369370,1150732,20230427
11/8/2022,Oklahoma,OK,3,FALSE,FALSE,FALSE,Lankford,republican,FALSE,0.643034173030732,739960,1150732,20230427
11/8/2022,Oklahoma,OK,3,FALSE,FALSE,FALSE,Blevins,libertarian,FALSE,0.0178104024221104,20495,1150732,20230427
11/8/2022,Oklahoma,OK,3,FALSE,FALSE,FALSE,Delaney,independent,FALSE,0.0181684353959045,20907,1150732,20230427
11/8/2022,Oklahoma,OK,2,TRUE,FALSE,FALSE,Mullin,republican,FALSE,0.617692078356792,710643,1150481,20230427
11/8/2022,Oklahoma,OK,2,TRUE,FALSE,FALSE,Horn,democrat,FALSE,0.352364793508107,405389,1150481,20230427
11/8/2022,Oklahoma,OK,2,TRUE,FALSE,FALSE,Murphy,libertarian,FALSE,0.015111940136343,17386,1150481,20230427
11/8/2022,Oklahoma,OK,2,TRUE,FALSE,FALSE,Woods,independent,FALSE,0.0148311879987588,17063,1150481,20230427
11/8/2022,Oregon,OR,3,FALSE,FALSE,FALSE,Pulju,pacific green,FALSE,0.0121652595582145,23454,1927949,20230427
11/8/2022,Oregon,OR,3,FALSE,FALSE,FALSE,Wyden,democrat,FALSE,0.558325972315658,1076424,1927949,20230427
11/8/2022,Oregon,OR,3,FALSE,FALSE,FALSE,Perkins,republican,FALSE,0.4092385223883,788991,1927949,20230427
11/8/2022,Oregon,OR,3,FALSE,FALSE,FALSE,Henry,progressive,FALSE,0.0191306927724748,36883,1927949,20230427
11/8/2022,Pennsylvania,PA,3,FALSE,FALSE,FALSE,Fetterman,democrat,FALSE,0.512481601692691,2751012,5368021,20230427
11/8/2022,Pennsylvania,PA,3,FALSE,FALSE,FALSE,Gerhardt,libertarian,FALSE,0.0135780020234645,72887,5368021,20230427
11/8/2022,Pennsylvania,PA,3,FALSE,FALSE,FALSE,Oz,republican,FALSE,0.463347665741248,2487260,5368021,20230427
11/8/2022,South Carolina,SC,3,FALSE,FALSE,FALSE,Matthews,democrat,FALSE,0.370121636938566,627616,1695702,20230427
11/8/2022,South Carolina,SC,3,FALSE,FALSE,FALSE,Scott,republican,FALSE,0.628809779076748,1066274,1695702,20230427
11/8/2022,South Dakota,SD,3,FALSE,FALSE,FALSE,Thune,republican,FALSE,0.69627032929142,242316,348020,20230427
11/8/2022,South Dakota,SD,3,FALSE,FALSE,FALSE,Bengs,democrat,FALSE,0.261499339118441,91007,348020,20230427
11/8/2022,South Dakota,SD,3,FALSE,FALSE,FALSE,Lesnar,libertarian,FALSE,0.0422303315901385,14697,348020,20230427
11/8/2022,Utah,UT,3,FALSE,FALSE,FALSE,Lee,republican,FALSE,0.531544215430166,571974,1076061,20230427
11/8/2022,Utah,UT,3,FALSE,FALSE,FALSE,Hansen,libertarian,FALSE,0.029537358941547,31784,1076061,20230427
11/8/2022,Utah,UT,3,FALSE,FALSE,FALSE,McMullin,independent,FALSE,0.427446027688021,459958,1076061,20230427
11/8/2022,Utah,UT,3,FALSE,FALSE,FALSE,Williams,independent american,FALSE,0.0112475036266531,12103,1076061,20230427
11/8/2022,Vermont,VT,3,FALSE,FALSE,FALSE,Malloy,republican,FALSE,0.280278648554511,80468,287100,20230427
11/8/2022,Vermont,VT,3,FALSE,FALSE,FALSE,Welch,democrat,FALSE,0.684691745036573,196575,287100,20230427
11/8/2022,Washington,WA,3,FALSE,FALSE,FALSE,Smiley,republican,FALSE,0.426300731651301,1299322,3047900,20230427
11/8/2022,Washington,WA,3,FALSE,FALSE,FALSE,Murray,democrat,FALSE,0.571484300666032,1741827,3047900,20230427
11/8/2022,Wisconsin,WI,3,FALSE,FALSE,FALSE,Barnes,democrat,FALSE,0.494054048348016,1310467,2652477,20230427
11/8/2022,Wisconsin,WI,3,FALSE,FALSE,FALSE,Johnson,republican,FALSE,0.504126897236055,1337185,2652477,20230427
11/8/2022,National Popular Vote,NPV,1,FALSE,FALSE,FALSE,Republican,republican,FALSE,0.490626312690687,39876285,81276287,20230427
11/8/2022,National Popular Vote,NPV,1,FALSE,FALSE,FALSE,Democratic,democrat,FALSE,0.489720636475433,39802675,81276287,20230427
12/6/2022,Georgia,GA,3,FALSE,TRUE,FALSE,Warnock,democrat,FALSE,0.514030554985393,1820633,3541877,20230427
12/6/2022,Georgia,GA,3,FALSE,TRUE,FALSE,Walker,republican,FALSE,0.485969445014607,1721244,3541877,20230427
11/5/2024,Arizona,AZ,1,FALSE,FALSE,FALSE,Gallego,democratic,FALSE,0.5005757262123247,1676335,3348814,JJCooley
11/5/2024,Arizona,AZ,1,FALSE,FALSE,FALSE,Lake,republican,FALSE,0.47651526779331427,1595761,3348814,JJCooley
11/5/2024,California,CA,1,FALSE,FALSE,FALSE,Schiff,democratic,FALSE,0.58750394237668,8837051,15041688,JJCooley
11/5/2024,California,CA,1,FALSE,FALSE,FALSE,Garvey,republican,FALSE,0.41249605762332,6204637,15041688,JJCooley
11/5/2024,Connecticut,CT,1,FALSE,FALSE,FALSE,Murphy,democratic,FALSE,0.5858005727492197,1000695,1708252,JJCooley
11/5/2024,Connecticut,CT,1,FALSE,FALSE,FALSE,Corey,republican,FALSE,0.397046805740605,678256,1708252,JJCooley
11/5/2024,Delaware,DE,1,FALSE,FALSE,FALSE,Blunt Rochester,democratic,FALSE,0.5659101169382709,283298,500606,JJCooley
11/5/2024,Delaware,DE,1,FALSE,FALSE,FALSE,Hansen,republican,FALSE,0.39502722700087495,197753,500606,JJCooley
11/5/2024,Florida,FL,1,FALSE,FALSE,FALSE,Mucarsel-Powell,democratic,FALSE,0.42789754205187336,4603077,10757428,JJCooley
11/5/2024,Florida,FL,1,FALSE,FALSE,FALSE,Scott,republican,FALSE,0.5556817112789414,5977706,10757428,JJCooley
11/5/2024,Hawaii,HI,1,FALSE,FALSE,FALSE,Hirono,democratic,FALSE,0.6461098167860125,324194,501763,JJCooley
11/5/2024,Hawaii,HI,1,FALSE,FALSE,FALSE,McDermott,republican,FALSE,0.31902511743592094,160075,501763,JJCooley
11/5/2024,Indiana,IN,1,FALSE,FALSE,FALSE,McCray,democratic,FALSE,0.3876681730819178,1097061,2829897,JJCooley
11/5/2024,Indiana,IN,1,FALSE,FALSE,FALSE,Horning,libertarian,FALSE,0.02587832702038272,73233,2829897,JJCooley
11/5/2024,Indiana,IN,1,FALSE,FALSE,FALSE,Banks,republican,FALSE,0.5863874197541465,1659416,2829897,JJCooley
11/5/2024,Massachusetts,MA,1,FALSE,FALSE,FALSE,Warren,democratic,FALSE,0.5981456812396344,2041668,3413329,JJCooley
11/5/2024,Massachusetts,MA,1,FALSE,FALSE,FALSE,Deaton,republican,FALSE,0.4000317578528175,1365440,3413329,JJCooley
11/5/2024,Maryland,MD,1,FALSE,FALSE,FALSE,Alsobrooks,democratic,FALSE,0.5464102803422809,1650912,3021378,JJCooley
11/5/2024,Maryland,MD,1,FALSE,FALSE,FALSE,Hogan,republican,FALSE,0.4283952554099487,1294344,3021378,JJCooley
11/5/2024,Maine,ME,1,FALSE,FALSE,FALSE,Costello,democratic,FALSE,0.1082426388915954,88875,821072,JJCooley
11/5/2024,Maine,ME,1,FALSE,FALSE,FALSE,King,democratic,FALSE,0.5207460490675605,427570,821072,JJCooley
11/5/2024,Maine,ME,1,FALSE,FALSE,FALSE,Cherry,independent,FALSE,0.024593458308162987,20193,821072,JJCooley
11/5/2024,Maine,ME,1,FALSE,FALSE,FALSE,Kouzounas,republican,FALSE,0.3464178537326812,284434,821072,JJCooley
11/5/2024,Michigan,MI,1,FALSE,FALSE,FALSE,Slotkin,democratic,FALSE,0.48638964409836,2712686,5577187,JJCooley
11/5/2024,Michigan,MI,1,FALSE,FALSE,FALSE,Rogers,republican,FALSE,0.4829818329562914,2693680,5577187,JJCooley
11/5/2024,Minnesota,MN,1,FALSE,FALSE,FALSE,Klobuchar,democratic,FALSE,0.5626442166588976,1792441,3185745,JJCooley
11/5/2024,Minnesota,MN,1,FALSE,FALSE,FALSE,White,republican,FALSE,0.40546622532563026,1291712,3185745,JJCooley
11/5/2024,Missouri,MO,1,FALSE,FALSE,FALSE,Kunce,democratic,FALSE,0.4184058078276491,1243728,2972540,JJCooley
11/5/2024,Missouri,MO,1,FALSE,FALSE,FALSE,Hawley,republican,FALSE,0.5557223788409912,1651907,2972540,JJCooley
11/5/2024,Mississippi,MS,1,FALSE,FALSE,FALSE,Pinkins,democratic,FALSE,0.37187808797261146,451981,1215401,JJCooley
11/5/2024,Mississippi,MS,1,FALSE,FALSE,FALSE,Wicker,republican,FALSE,0.6281219120273885,763420,1215401,JJCooley
11/5/2024,Montana,MT,1,FALSE,FALSE,FALSE,Tester,democratic,FALSE,0.45500130092118396,276305,607262,JJCooley
11/5/2024,Montana,MT,1,FALSE,FALSE,FALSE,Sheehy,republican,FALSE,0.526431754333385,319682,607262,JJCooley
11/5/2024,North Dakota,ND,1,FALSE,FALSE,FALSE,Christiansen,democratic,FALSE,0.33483400381638406,121602,363171,JJCooley
11/5/2024,North Dakota,ND,1,FALSE,FALSE,FALSE,Cramer,republican,FALSE,0.6651659961836159,241569,363171,JJCooley
11/5/2024,Nebraska,NE,1,FALSE,FALSE,FALSE,Osborn,independent,FALSE,0.46652957353275964,436493,935617,JJCooley
11/5/2024,Nebraska,NE,1,FALSE,FALSE,FALSE,Fischer,republican,FALSE,0.5334704264672403,499124,935617,JJCooley
11/5/2024,Nebraska,NE,2,TRUE,FALSE,FALSE,Love,democratic,FALSE,0.37422473676611356,349902,935005,JJCooley
11/5/2024,Nebraska,NE,2,TRUE,FALSE,FALSE,Ricketts,republican,FALSE,0.6257752632338864,585103,935005,JJCooley
11/5/2024,New Jersey,NJ,1,FALSE,FALSE,FALSE,Kim,democratic,FALSE,0.535535259996452,2161491,4036132,JJCooley
11/5/2024,New Jersey,NJ,1,FALSE,FALSE,FALSE,Bashaw,republican,FALSE,0.43942789779918,1773589,4036132,JJCooley
11/5/2024,New Mexico,NM,1,FALSE,FALSE,FALSE,Heinrich,democratic,FALSE,0.5505667483292023,497333,903311,JJCooley
11/5/2024,New Mexico,NM,1,FALSE,FALSE,FALSE,Domenici,republican,FALSE,0.4494332516707978,405978,903311,JJCooley
11/5/2024,Nevada,NV,1,FALSE,FALSE,FALSE,Rosen,democratic,FALSE,0.4786588363163673,701105,1464728,JJCooley
11/5/2024,Nevada,NV,1,FALSE,FALSE,FALSE,None,independent,FALSE,0.030299140864378914,44380,1464728,JJCooley
11/5/2024,Nevada,NV,1,FALSE,FALSE,FALSE,Brown,republican,FALSE,0.4622332610559776,677046,1464728,JJCooley
11/5/2024,New York,NY,1,FALSE,FALSE,FALSE,Gillibrand,democratic,FALSE,0.5891460673454777,4711298,7996825,JJCooley
11/5/2024,New York,NY,1,FALSE,FALSE,FALSE,Sapraicone,republican,FALSE,0.40592535162392573,3246114,7996825,JJCooley
11/5/2024,Ohio,OH,1,FALSE,FALSE,FALSE,Brown,democratic,FALSE,0.46470211863366884,2650949,5704620,JJCooley
11/5/2024,Ohio,OH,1,FALSE,FALSE,FALSE,Moreno,republican,FALSE,0.5008892792157935,2857383,5704620,JJCooley
11/5/2024,Pennsylvania,PA,1,FALSE,FALSE,FALSE,Casey,democratic,FALSE,0.4860137033064264,3384180,6963137,JJCooley
11/5/2024,Pennsylvania,PA,1,FALSE,FALSE,FALSE,McCormick,republican,FALSE,0.488184420326643,3399295,6963137,JJCooley
11/5/2024,Rhode Island,RI,1,FALSE,FALSE,FALSE,Whitehouse,democratic,FALSE,0.5989759080227992,294665,491948,JJCooley
11/5/2024,Rhode Island,RI,1,FALSE,FALSE,FALSE,Morgan,republican,FALSE,0.39849536942928926,196039,491948,JJCooley
11/5/2024,Tennessee,TN,1,FALSE,FALSE,FALSE,Johnson,democratic,FALSE,0.3416206500315201,1027461,3007608,JJCooley
11/5/2024,Tennessee,TN,1,FALSE,FALSE,FALSE,Blackburn,republican,FALSE,0.6379631255136973,1918743,3007608,JJCooley
11/5/2024,Texas,TX,1,FALSE,FALSE,FALSE,Allred,democratic,FALSE,0.4455644750631739,5031249,11291854,JJCooley
11/5/2024,Texas,TX,1,FALSE,FALSE,FALSE,Cruz,republican,FALSE,0.5305365265969609,5990741,11291854,JJCooley
11/5/2024,Utah,UT,1,FALSE,FALSE,FALSE,Gleich,democratic,FALSE,0.31739811644479127,464515,1463509,JJCooley
11/5/2024,Utah,UT,1,FALSE,FALSE,FALSE,Bowen,independent,FALSE,0.05737716679569446,83972,1463509,JJCooley
11/5/2024,Utah,UT,1,FALSE,FALSE,FALSE,Curtis,republican,FALSE,0.6250046976137489,914700,1463509,JJCooley
11/5/2024,Virginia,VA,1,FALSE,FALSE,FALSE,Kaine,democratic,FALSE,0.544699973232131,2415429,4434421,JJCooley
11/5/2024,Virginia,VA,1,FALSE,FALSE,FALSE,Cao,republican,FALSE,0.4553000267678689,2018992,4434421,JJCooley
11/5/2024,Vermont,VT,1,FALSE,FALSE,FALSE,Sanders,democratic,FALSE,0.6315956096714962,229429,363253,JJCooley
11/5/2024,Vermont,VT,1,FALSE,FALSE,FALSE,Malloy,republican,FALSE,0.3207461466250795,116512,363253,JJCooley
11/5/2024,Washington,WA,1,FALSE,FALSE,FALSE,Cantwell,democratic,FALSE,0.5925083724292197,2252577,3801764,JJCooley
11/5/2024,Washington,WA,1,FALSE,FALSE,FALSE,Garcia,republican,FALSE,0.4074916275707803,1549187,3801764,JJCooley
11/5/2024,Wisconsin,WI,1,FALSE,FALSE,FALSE,Baldwin,democratic,FALSE,0.49375929611767266,1672777,3387839,JJCooley
11/5/2024,Wisconsin,WI,1,FALSE,FALSE,FALSE,Hovde,republican,FALSE,0.48526391012087644,1643996,3387839,JJCooley
11/5/2024,West Virginia,WV,1,FALSE,FALSE,FALSE,Elliott,democratic,FALSE,0.27758117538805566,207548,747702,JJCooley
11/5/2024,West Virginia,WV,1,FALSE,FALSE,FALSE,Justice,republican,FALSE,0.6875453054826656,514079,747702,JJCooley
11/5/2024,Wyoming,WY,1,FALSE,FALSE,FALSE,Morrow,democratic,FALSE,0.24124211657997743,63727,264162,JJCooley
11/5/2024,Wyoming,WY,1,FALSE,FALSE,FALSE,Barrasso,republican,FALSE,0.7511224173045328,198418,264162,JJCooley
11/5/2024,National Popular Vote,NPV,1,FALSE,FALSE,FALSE,Democratic,democrat,FALSE,0.490662057,55934581,113998179,JJCooley
11/5/2024,National Popular Vote,NPV,1,FALSE,FALSE,FALSE,Republican,republican,FALSE,0.4772204651,54402264,113998179,JJCooley
